{
	"maxTabPlayers": 80,
	"removeHeader": false,
	"removeFooter": false,
	"removeHeads": false,
	"removeNpcHeads": false,
	"removeHeaderShadow": false,
	"removeBodyShadow": false,
	"removeFooterShadow": false,
	"improvedHeads": true,
	"removeObjectives": false,
	"removePing": true,
	"showPingInTab": true,
	"removePingShadow": false,
	"scalePingDisplay": false,
	"hideFalsePing": true,
	"tabScale": 1.0,
	"moveTabDown": 10.0,
	"moveTabBelowBossBars": true,
	"tabHeaderColor": -2147483648,
	"tabBodyColor": -2147483648,
	"tabFooterColor": -2147483648,
	"tabPlayerListColor": 553648127,
	"pingColorOne": -15466667,
	"pingColorTwo": -14773218,
	"pingColorThree": -4733653,
	"pingColorFour": -13779,
	"pingColorFive": -6458098,
	"pingColorSix": -4318437
}