{"stats":{"minecraft:dropped":{"minecraft:cracked_stone_bricks":2,"minecraft:cobblestone":47,"minecraft:beetroot_seeds":3,"minecraft:iron_chestplate":1,"minecraft:clock":1,"minecraft:bow":1,"minecraft:stone_bricks":2,"minecraft:string":2,"minecraft:beef":2,"minecraft:pufferfish":2,"minecraft:dirt":10,"minecraft:arrow":1,"minecraft:crafting_table":1,"minecraft:white_bed":1,"minecraft:dragon_egg":1,"minecraft:acacia_chest_boat":1,"minecraft:paper":7,"minecraft:netherrack":60,"minecraft:stone_axe":2},"minecraft:killed":{"minecraft:shulker":5,"minecraft:zombie":20,"minecraft:husk":2,"minecraft:skeleton":7,"minecraft:zombie_villager":1,"minecraft:enderman":4,"minecraft:sheep":5,"minecraft:pig":4,"minecraft:cow":52,"minecraft:blaze":1,"minecraft:silverfish":2,"minecraft:spider":4},"minecraft:custom":{"minecraft:time_since_rest":15741,"minecraft:leave_game":3,"minecraft:damage_taken":5348,"minecraft:mob_kills":108,"minecraft:boat_one_cm":231905,"minecraft:time_since_death":15540,"minecraft:interact_with_furnace":50,"minecraft:sleep_in_bed":3,"minecraft:swim_one_cm":43556,"minecraft:total_world_time":252615,"minecraft:crouch_one_cm":6978,"minecraft:deaths":4,"minecraft:climb_one_cm":1602,"minecraft:fish_caught":15,"minecraft:animals_bred":16,"minecraft:interact_with_campfire":8,"minecraft:interact_with_crafting_table":44,"minecraft:walk_one_cm":1435641,"minecraft:walk_under_water_one_cm":15948,"minecraft:damage_dealt":12703,"minecraft:play_time":252615,"minecraft:jump":4962,"minecraft:drop":26,"minecraft:open_barrel":43,"minecraft:sprint_one_cm":892202,"minecraft:open_chest":212,"minecraft:fall_one_cm":128294,"minecraft:fly_one_cm":1178815,"minecraft:walk_on_water_one_cm":29463,"minecraft:sneak_time":1901,"minecraft:interact_with_blast_furnace":4},"minecraft:broken":{"minecraft:stone_shovel":12,"minecraft:stone_hoe":2,"minecraft:stone_axe":4,"minecraft:stone_pickaxe":2},"minecraft:used":{"minecraft:stone_axe":739,"minecraft:acacia_boat":1,"minecraft:oak_fence":38,"minecraft:shield":1,"minecraft:end_stone":21,"minecraft:iron_pickaxe":59,"minecraft:andesite":3,"minecraft:diamond_sword":191,"minecraft:bamboo":72,"minecraft:oak_boat":1,"minecraft:campfire":1,"minecraft:leather_leggings":1,"minecraft:iron_sword":2,"minecraft:wheat_seeds":299,"minecraft:acacia_log":60,"minecraft:cooked_mutton":1,"minecraft:glass_pane":16,"minecraft:jack_o_lantern":5,"minecraft:stone_sword":57,"minecraft:firefly_bush":13,"minecraft:lime_bed":1,"minecraft:oak_log":10,"minecraft:cobblestone":50,"minecraft:diamond_axe":33,"minecraft:crafting_table":3,"minecraft:oak_fence_gate":1,"minecraft:stone_pickaxe":328,"minecraft:calcite":13,"minecraft:cobbled_deepslate":3,"minecraft:netherrack":7,"minecraft:apple":9,"minecraft:leather_chestplate":1,"minecraft:stone_hoe":384,"minecraft:stone_shovel":1752,"minecraft:pumpkin":5,"minecraft:rotten_flesh":8,"minecraft:water_bucket":46,"minecraft:bread":4,"minecraft:torch":20,"minecraft:acacia_fence":75,"minecraft:dirt":656,"minecraft:fishing_rod":25,"minecraft:pufferfish":1,"minecraft:sand":3,"minecraft:cobblestone_stairs":21,"minecraft:dried_kelp":11,"minecraft:cobblestone_slab":28,"minecraft:stone_stairs":49,"minecraft:shears":4,"minecraft:cooked_beef":53,"minecraft:bucket":47,"minecraft:spyglass":69,"minecraft:chest":1,"minecraft:carved_pumpkin":1,"minecraft:oak_planks":19,"minecraft:egg":1,"minecraft:brown_egg":2,"minecraft:ender_pearl":2},"minecraft:killed_by":{"minecraft:skeleton":1,"minecraft:zombie":2},"minecraft:picked_up":{"minecraft:cobblestone":421,"minecraft:acacia_chest_boat":1,"minecraft:saddle":2,"minecraft:sugar_cane":237,"minecraft:purpur_block":6,"minecraft:bone":21,"minecraft:acacia_sapling":12,"minecraft:cooked_mutton":3,"minecraft:firefly_bush":15,"minecraft:iron_bars":9,"minecraft:diamond":6,"minecraft:granite":10,"minecraft:dragon_egg":1,"minecraft:book":177,"minecraft:salmon":5,"minecraft:charcoal":2,"minecraft:spyglass":1,"minecraft:bow":1,"minecraft:stone_shovel":2,"minecraft:arrow":13,"minecraft:iron_ingot":1,"minecraft:end_stone":45,"minecraft:hay_block":60,"minecraft:stone_sword":1,"minecraft:acacia_log":249,"minecraft:mutton":5,"minecraft:acacia_planks":48,"minecraft:diamond_leggings":1,"minecraft:iron_chestplate":1,"minecraft:lime_bed":1,"minecraft:dirt":1646,"minecraft:brown_wool":2,"minecraft:torch":26,"minecraft:diamond_pickaxe":3,"minecraft:bread":17,"minecraft:cobblestone_stairs":5,"minecraft:iron_boots":2,"minecraft:oak_stairs":1,"minecraft:coal":10,"minecraft:oak_log":204,"minecraft:stone_stairs":49,"minecraft:acacia_boat":2,"minecraft:oak_fence":11,"minecraft:sand":3,"minecraft:wheat_seeds":351,"minecraft:iron_pickaxe":3,"minecraft:leather_leggings":2,"minecraft:egg":1,"minecraft:diamond_sword":3,"minecraft:stone_hoe":2,"minecraft:cooked_beef":11,"minecraft:white_wool":3,"minecraft:jack_o_lantern":1,"minecraft:andesite":11,"minecraft:ender_pearl":12,"minecraft:string":8,"minecraft:stone_bricks":2,"minecraft:diamond_axe":1,"minecraft:enchanted_book":3,"minecraft:oak_fence_gate":1,"minecraft:rabbit":3,"minecraft:white_bed":1,"minecraft:bucket":1,"minecraft:fishing_rod":1,"minecraft:leather":50,"minecraft:shulker_shell":6,"minecraft:stone_slab":1,"minecraft:stone_pickaxe":2,"minecraft:cod":7,"minecraft:armadillo_scute":2,"minecraft:gold_ingot":14,"minecraft:chorus_fruit":40,"minecraft:carved_pumpkin":5,"minecraft:porkchop":16,"minecraft:stick":37,"minecraft:bamboo":129,"minecraft:dragon_head":1,"minecraft:black_wool":1,"minecraft:leather_chestplate":3,"minecraft:stone_brick_wall":1,"minecraft:cobbled_deepslate":5,"minecraft:diamond_chestplate":2,"minecraft:pumpkin_seeds":16,"minecraft:stone_axe":7,"minecraft:wheat":54,"minecraft:end_rod":6,"minecraft:chest":3,"minecraft:netherrack":187,"minecraft:clock":1,"minecraft:pumpkin":80,"minecraft:spider_eye":2,"minecraft:diorite":29,"minecraft:pufferfish":3,"minecraft:oak_planks":9,"minecraft:brown_egg":4,"minecraft:crafting_table":4,"minecraft:oak_sapling":50,"minecraft:warped_stem":9,"minecraft:rotten_flesh":24,"minecraft:acacia_fence":3,"minecraft:beef":106,"minecraft:apple":5,"minecraft:cobblestone_slab":23,"minecraft:oak_slab":5,"minecraft:calcite":13,"minecraft:paper":7,"minecraft:cracked_stone_bricks":2},"minecraft:crafted":{"minecraft:stone_sword":1,"minecraft:stone_shovel":20,"minecraft:jack_o_lantern":4,"minecraft:stone_pickaxe":4,"minecraft:glass_pane":16,"minecraft:stick":252,"minecraft:cooked_beef":48,"minecraft:oak_fence":36,"minecraft:diamond_axe":1,"minecraft:dried_kelp":38,"minecraft:diamond_sword":1,"minecraft:air":0,"minecraft:acacia_planks":300,"minecraft:wheat":126,"minecraft:oak_boat":1,"minecraft:acacia_boat":2,"minecraft:stone_hoe":4,"minecraft:diamond_helmet":1,"minecraft:bread":42,"minecraft:cobblestone_slab":24,"minecraft:crafting_table":2,"minecraft:acacia_fence":84,"minecraft:shield":1,"minecraft:stone_axe":8,"minecraft:oak_planks":70,"minecraft:campfire":1,"minecraft:fishing_rod":1,"minecraft:cobblestone_stairs":20},"minecraft:mined":{"minecraft:torch":9,"minecraft:acacia_fence":3,"minecraft:oak_fence_gate":3,"minecraft:lime_bed":1,"minecraft:chest":2,"minecraft:pumpkin":32,"minecraft:netherrack":6,"minecraft:short_grass":608,"minecraft:acacia_leaves":39,"minecraft:crafting_table":2,"minecraft:farmland":82,"minecraft:firefly_bush":18,"minecraft:andesite":7,"minecraft:oak_fence":11,"minecraft:campfire":1,"minecraft:purpur_block":3,"minecraft:bamboo":16,"minecraft:acacia_sapling":2,"minecraft:wall_torch":3,"minecraft:warped_stem":9,"minecraft:acacia_log":245,"minecraft:stone":128,"minecraft:glass_pane":1,"minecraft:granite":5,"minecraft:cobblestone_stairs":5,"minecraft:coal_ore":10,"minecraft:wheat":112,"minecraft:diorite":19,"minecraft:oak_planks":4,"minecraft:cobblestone":35,"minecraft:hay_block":64,"minecraft:sugar_cane":142,"minecraft:purpur_pillar":1,"minecraft:oak_leaves":63,"minecraft:chorus_plant":2,"minecraft:end_stone_bricks":1,"minecraft:end_stone":37,"minecraft:bookshelf":62,"minecraft:jack_o_lantern":1,"minecraft:cracked_stone_bricks":1,"minecraft:tall_grass":36,"minecraft:cactus_flower":1,"minecraft:dirt":368,"minecraft:grass_block":1329,"minecraft:cobweb":4,"minecraft:cobbled_deepslate":2,"minecraft:carved_pumpkin":5,"minecraft:deepslate":3,"minecraft:sand":3,"minecraft:calcite":13,"minecraft:cobblestone_slab":23,"minecraft:bamboo_sapling":1,"minecraft:oak_log":71,"minecraft:stone_stairs":49}},"DataVersion":4325}