{"stats":{"minecraft:killed_by":{"minecraft:skeleton":5,"minecraft:creeper":4,"minecraft:spider":1,"minecraft:zombie":1},"minecraft:crafted":{"minecraft:wooden_axe":2,"minecraft:diamond_boots":1,"minecraft:birch_fence":24,"minecraft:gold_ingot":18,"minecraft:book":76,"minecraft:iron_chestplate":1,"minecraft:stick":108,"minecraft:oak_fence":9,"minecraft:cooked_porkchop":9,"minecraft:iron_helmet":1,"minecraft:diamond_pickaxe":1,"minecraft:chest":2,"minecraft:bookshelf":23,"minecraft:cobblestone_wall":69,"minecraft:stone_slab":144,"minecraft:air":0,"minecraft:acacia_planks":28,"minecraft:bucket":1,"minecraft:oak_boat":1,"minecraft:iron_hoe":1,"minecraft:oak_planks":200,"minecraft:enchanting_table":1,"minecraft:stone_stairs":58,"minecraft:iron_shovel":2,"minecraft:iron_sword":2,"minecraft:lantern":6,"minecraft:cooked_chicken":17,"minecraft:birch_planks":128,"minecraft:stone_pickaxe":2,"minecraft:cooked_mutton":17,"minecraft:iron_boots":1,"minecraft:wooden_pickaxe":1,"minecraft:cooked_beef":101,"minecraft:diamond_chestplate":1,"minecraft:diamond_sword":2,"minecraft:iron_nugget":63,"minecraft:paper":264,"minecraft:furnace":7,"minecraft:iron_ingot":95,"minecraft:copper_ingot":12,"minecraft:diamond_helmet":1,"minecraft:stone":675,"minecraft:crafting_table":5,"minecraft:diamond_leggings":1,"minecraft:torch":64,"minecraft:shield":5,"minecraft:stone_axe":2,"minecraft:iron_pickaxe":16,"minecraft:iron_axe":2,"minecraft:iron_leggings":1},"minecraft:dropped":{"minecraft:iron_axe":3,"minecraft:iron_shovel":1,"minecraft:andesite":21,"minecraft:gravel":19,"minecraft:cobbled_deepslate":51,"minecraft:bone":39,"minecraft:brown_egg":2,"minecraft:egg":2,"minecraft:armadillo_scute":1,"minecraft:wheat_seeds":309,"minecraft:iron_ingot":32,"minecraft:shield":2,"minecraft:acacia_sapling":2,"minecraft:cooked_chicken":7,"minecraft:calcite":28,"minecraft:light_gray_wool":1,"minecraft:copper_ingot":12,"minecraft:amethyst_block":13,"minecraft:redstone":36,"minecraft:oak_log":5,"minecraft:grass_block":3,"minecraft:diamond_pickaxe":1,"minecraft:tuff":4,"minecraft:string":1,"minecraft:golden_boots":1,"minecraft:arrow":12,"minecraft:wooden_axe":1,"minecraft:spider_eye":2,"minecraft:smooth_basalt":2,"minecraft:iron_boots":1,"minecraft:iron_pickaxe":1,"minecraft:rotten_flesh":50,"minecraft:melon_seeds":5,"minecraft:cobblestone":382,"minecraft:iron_chestplate":1,"minecraft:leather_boots":1,"minecraft:bow":1,"minecraft:bucket":2,"minecraft:dirt":41,"minecraft:leather":2,"minecraft:iron_hoe":1,"minecraft:chest":2,"minecraft:birch_log":18,"minecraft:diamond":12,"minecraft:feather":1,"minecraft:brown_wool":3,"minecraft:coal":144,"minecraft:glass_bottle":1,"minecraft:wildflowers":3,"minecraft:cobblestone_wall":122,"minecraft:birch_sapling":4,"minecraft:water_bucket":2,"minecraft:stone_slab":32,"minecraft:cooked_beef":11,"minecraft:leaf_litter":8,"minecraft:wooden_pickaxe":1,"minecraft:beef":1,"minecraft:iron_sword":2,"minecraft:golden_leggings":2,"minecraft:crafting_table":2,"minecraft:lapis_lazuli":38,"minecraft:amethyst_shard":35},"minecraft:mined":{"minecraft:torch":4,"minecraft:spawner":1,"minecraft:warped_wart_block":5,"minecraft:nether_quartz_ore":277,"minecraft:chest":1,"minecraft:smooth_basalt":2,"minecraft:netherrack":249,"minecraft:gravel":20,"minecraft:short_grass":129,"minecraft:amethyst_block":4,"minecraft:acacia_leaves":3,"minecraft:dirt_path":5,"minecraft:crafting_table":14,"minecraft:birch_log":51,"minecraft:melon_stem":3,"minecraft:deepslate_redstone_ore":18,"minecraft:leaf_litter":3,"minecraft:obsidian":40,"minecraft:farmland":21,"minecraft:copper_ore":29,"minecraft:grindstone":1,"minecraft:gold_ore":3,"minecraft:birch_leaves":3,"minecraft:andesite":141,"minecraft:oak_fence":13,"minecraft:deepslate_gold_ore":25,"minecraft:gold_block":2,"minecraft:budding_amethyst":1,"minecraft:wall_torch":2,"minecraft:fire":1,"minecraft:deepslate_diamond_ore":70,"minecraft:deepslate_lapis_ore":11,"minecraft:deepslate_iron_ore":43,"minecraft:attached_melon_stem":1,"minecraft:birch_planks":1,"minecraft:amethyst_cluster":3,"minecraft:oak_sapling":1,"minecraft:iron_ore":139,"minecraft:acacia_log":8,"minecraft:stone":3028,"minecraft:granite":4,"minecraft:stone_slab":119,"minecraft:coal_ore":276,"minecraft:diorite":195,"minecraft:wheat":392,"minecraft:oak_planks":2,"minecraft:cobblestone":127,"minecraft:sugar_cane":81,"minecraft:white_bed":1,"minecraft:lantern":2,"minecraft:oak_leaves":69,"minecraft:furnace":8,"minecraft:birch_fence":5,"minecraft:bookshelf":1,"minecraft:glow_lichen":1,"minecraft:deepslate_coal_ore":6,"minecraft:tall_grass":7,"minecraft:wildflowers":1,"minecraft:large_amethyst_bud":1,"minecraft:cobblestone_wall":42,"minecraft:mossy_cobblestone":1,"minecraft:dirt":224,"minecraft:grass_block":243,"minecraft:cobweb":3,"minecraft:cobbled_deepslate":5,"minecraft:tuff":3,"minecraft:deepslate":64,"minecraft:calcite":2,"minecraft:oak_log":101,"minecraft:stone_stairs":72,"minecraft:lapis_ore":2},"minecraft:used":{"minecraft:stone_axe":136,"minecraft:oak_fence":17,"minecraft:iron_axe":139,"minecraft:grass_block":1,"minecraft:diamond_helmet":1,"minecraft:golden_pickaxe":4,"minecraft:stone_slab":580,"minecraft:shield":148,"minecraft:iron_pickaxe":3772,"minecraft:andesite":6,"minecraft:diamond_sword":313,"minecraft:potato":2,"minecraft:oak_boat":2,"minecraft:iron_sword":456,"minecraft:wheat_seeds":239,"minecraft:wooden_axe":71,"minecraft:diamond_pickaxe":993,"minecraft:cooked_mutton":4,"minecraft:bookshelf":23,"minecraft:lantern":9,"minecraft:cooked_porkchop":3,"minecraft:iron_shovel":458,"minecraft:cobblestone_wall":177,"minecraft:birch_fence":21,"minecraft:wooden_pickaxe":50,"minecraft:diamond_leggings":1,"minecraft:oak_log":20,"minecraft:cobblestone":453,"minecraft:diamond_chestplate":2,"minecraft:stone":346,"minecraft:grindstone":1,"minecraft:crafting_table":17,"minecraft:iron_chestplate":3,"minecraft:white_bed":2,"minecraft:stone_pickaxe":238,"minecraft:bow":9,"minecraft:diamond_boots":1,"minecraft:deepslate_coal_ore":3,"minecraft:cobbled_deepslate":52,"minecraft:netherrack":77,"minecraft:apple":1,"minecraft:birch_planks":1,"minecraft:iron_hoe":55,"minecraft:water_bucket":66,"minecraft:smooth_basalt":1,"minecraft:furnace":14,"minecraft:torch":11,"minecraft:dirt":348,"minecraft:iron_boots":2,"minecraft:obsidian":16,"minecraft:gravel":9,"minecraft:stone_stairs":101,"minecraft:cooked_chicken":13,"minecraft:birch_log":1,"minecraft:cooked_beef":65,"minecraft:flint_and_steel":1,"minecraft:bucket":67,"minecraft:chest":4,"minecraft:enchanting_table":1,"minecraft:oak_planks":15,"minecraft:oak_sapling":6,"minecraft:sugar_cane":25,"minecraft:golden_shovel":34},"minecraft:killed":{"minecraft:zombie":83,"minecraft:skeleton":40,"minecraft:cave_spider":4,"minecraft:creeper":8,"minecraft:chicken":24,"minecraft:enderman":8,"minecraft:sheep":16,"minecraft:pig":7,"minecraft:cow":96,"minecraft:witch":1,"minecraft:piglin":1,"minecraft:spider":16},"minecraft:broken":{"minecraft:wooden_axe":1,"minecraft:shield":2,"minecraft:iron_shovel":1,"minecraft:stone_axe":1,"minecraft:iron_pickaxe":15,"minecraft:stone_pickaxe":1,"minecraft:golden_shovel":1,"minecraft:iron_sword":1},"minecraft:custom":{"minecraft:time_since_rest":143170,"minecraft:talked_to_villager":8,"minecraft:leave_game":5,"minecraft:damage_taken":9017,"minecraft:mob_kills":316,"minecraft:boat_one_cm":71688,"minecraft:time_since_death":143133,"minecraft:interact_with_furnace":333,"minecraft:sleep_in_bed":2,"minecraft:swim_one_cm":62209,"minecraft:total_world_time":538111,"minecraft:crouch_one_cm":209482,"minecraft:climb_one_cm":90,"minecraft:deaths":11,"minecraft:interact_with_stonecutter":17,"minecraft:enchant_item":3,"minecraft:animals_bred":95,"minecraft:damage_blocked_by_shield":8055,"minecraft:interact_with_crafting_table":102,"minecraft:walk_one_cm":1820928,"minecraft:walk_under_water_one_cm":42082,"minecraft:damage_dealt":41498,"minecraft:play_time":538111,"minecraft:jump":6799,"minecraft:drop":239,"minecraft:open_barrel":65,"minecraft:sprint_one_cm":912956,"minecraft:open_chest":143,"minecraft:fall_one_cm":210205,"minecraft:fly_one_cm":907691,"minecraft:walk_on_water_one_cm":27815,"minecraft:sneak_time":82663,"minecraft:interact_with_blast_furnace":14,"minecraft:interact_with_grindstone":7},"minecraft:picked_up":{"minecraft:cobblestone_wall":160,"minecraft:cobblestone":3031,"minecraft:flint":3,"minecraft:sugar_cane":125,"minecraft:warped_roots":2,"minecraft:redstone":118,"minecraft:bone":53,"minecraft:acacia_sapling":2,"minecraft:cooked_mutton":14,"minecraft:lantern":4,"minecraft:iron_sword":4,"minecraft:diamond":141,"minecraft:granite":2,"minecraft:book":3,"minecraft:wildflowers":3,"minecraft:gold_block":4,"minecraft:bow":4,"minecraft:smooth_basalt":3,"minecraft:arrow":50,"minecraft:iron_ingot":259,"minecraft:raw_gold":25,"minecraft:golden_leggings":1,"minecraft:acacia_log":11,"minecraft:mutton":25,"minecraft:iron_chestplate":6,"minecraft:dirt":594,"minecraft:brown_wool":3,"minecraft:iron_shovel":4,"minecraft:golden_boots":4,"minecraft:torch":48,"minecraft:diamond_pickaxe":1,"minecraft:iron_boots":2,"minecraft:coal":492,"minecraft:oak_log":185,"minecraft:stone_stairs":63,"minecraft:oak_fence":13,"minecraft:birch_planks":55,"minecraft:furnace":10,"minecraft:wheat_seeds":954,"minecraft:iron_pickaxe":6,"minecraft:quartz":207,"minecraft:egg":2,"minecraft:iron_leggings":4,"minecraft:diamond_sword":1,"minecraft:birch_sapling":5,"minecraft:cooked_beef":63,"minecraft:white_wool":24,"minecraft:feather":51,"minecraft:warped_wart_block":5,"minecraft:warped_nylium":1,"minecraft:andesite":91,"minecraft:ender_pearl":5,"minecraft:string":7,"minecraft:copper_ingot":12,"minecraft:obsidian":40,"minecraft:leather_boots":1,"minecraft:amethyst_shard":35,"minecraft:iron_helmet":4,"minecraft:warped_fungus":1,"minecraft:white_bed":2,"minecraft:bucket":2,"minecraft:leather":99,"minecraft:gold_nugget":24,"minecraft:stone_slab":423,"minecraft:lead":1,"minecraft:water_bucket":8,"minecraft:stone_pickaxe":2,"minecraft:armadillo_scute":1,"minecraft:melon_seeds":5,"minecraft:porkchop":14,"minecraft:stick":15,"minecraft:deepslate_coal_ore":4,"minecraft:chicken":24,"minecraft:cooked_porkchop":7,"minecraft:iron_axe":8,"minecraft:cooked_chicken":27,"minecraft:grindstone":1,"minecraft:raw_iron":185,"minecraft:cobbled_deepslate":124,"minecraft:birch_fence":3,"minecraft:stone_axe":1,"minecraft:mossy_cobblestone":1,"minecraft:amethyst_block":13,"minecraft:wheat":340,"minecraft:leather_helmet":1,"minecraft:gunpowder":15,"minecraft:chest":3,"minecraft:netherrack":219,"minecraft:stone":128,"minecraft:gravel":35,"minecraft:golden_pickaxe":3,"minecraft:light_gray_wool":1,"minecraft:tuff":5,"minecraft:leaf_litter":8,"minecraft:potato":1,"minecraft:grass_block":4,"minecraft:birch_log":102,"minecraft:shield":5,"minecraft:lapis_lazuli":122,"minecraft:spider_eye":3,"minecraft:diorite":174,"minecraft:oak_boat":1,"minecraft:oak_planks":12,"minecraft:brown_egg":2,"minecraft:flint_and_steel":1,"minecraft:crafting_table":17,"minecraft:raw_copper":81,"minecraft:oak_sapling":7,"minecraft:beef":192,"minecraft:rotten_flesh":78,"minecraft:apple":1,"minecraft:glass_bottle":1,"minecraft:calcite":28,"minecraft:iron_hoe":2}},"DataVersion":4325}