{"stats":{"minecraft:dropped":{"minecraft:andesite":44,"minecraft:brewing_stand":1,"minecraft:gravel":20,"minecraft:bone":96,"minecraft:brown_egg":2,"minecraft:grindstone":1,"minecraft:enchanted_book":1,"minecraft:raw_gold":18,"minecraft:nether_bricks":9,"minecraft:oak_sapling":3,"minecraft:cooked_chicken":7,"minecraft:amethyst_block":13,"minecraft:redstone":149,"minecraft:grass_block":3,"minecraft:tuff":18,"minecraft:book":71,"minecraft:acacia_planks":37,"minecraft:arrow":46,"minecraft:white_bed":1,"minecraft:wooden_axe":1,"minecraft:gunpowder":25,"minecraft:gold_ingot":18,"minecraft:smooth_basalt":2,"minecraft:stone_axe":1,"minecraft:iron_pickaxe":8,"minecraft:chorus_fruit":21,"minecraft:purpur_pillar":5,"minecraft:diorite":2,"minecraft:rotten_flesh":180,"minecraft:iron_chestplate":2,"minecraft:stone_sword":4,"minecraft:torch":13,"minecraft:bow":3,"minecraft:cooked_cod":7,"minecraft:end_stone":43,"minecraft:pufferfish":1,"minecraft:bucket":3,"minecraft:dirt":41,"minecraft:stone":17,"minecraft:sand":1,"minecraft:chest":2,"minecraft:ender_pearl":13,"minecraft:emerald":1,"minecraft:coal":144,"minecraft:cracked_stone_bricks":1,"minecraft:glass_bottle":1,"minecraft:apple":3,"minecraft:stone_slab":32,"minecraft:cooked_beef":32,"minecraft:wooden_pickaxe":1,"minecraft:raw_iron":246,"minecraft:crafting_table":3,"minecraft:end_rod":6,"minecraft:golden_helmet":2,"minecraft:lapis_lazuli":391,"minecraft:netherrack":173,"minecraft:spyglass":1,"minecraft:cooked_porkchop":1,"minecraft:music_disc_cat":1,"minecraft:iron_axe":4,"minecraft:shulker_shell":6,"minecraft:iron_shovel":1,"minecraft:oak_planks":4,"minecraft:purpur_stairs":1,"minecraft:cobbled_deepslate":184,"minecraft:egg":2,"minecraft:armadillo_scute":1,"minecraft:wheat_seeds":309,"minecraft:iron_ingot":43,"minecraft:flint_and_steel":1,"minecraft:iron_nugget":30,"minecraft:paper":17,"minecraft:stone_pickaxe":3,"minecraft:shield":3,"minecraft:acacia_sapling":2,"minecraft:calcite":28,"minecraft:light_gray_wool":1,"minecraft:warped_roots":1,"minecraft:copper_ingot":12,"minecraft:oak_log":5,"minecraft:diamond_pickaxe":5,"minecraft:hay_block":13,"minecraft:string":34,"minecraft:golden_boots":1,"minecraft:stick":3,"minecraft:purpur_block":4,"minecraft:bread":62,"minecraft:spider_eye":5,"minecraft:iron_boots":4,"minecraft:melon_seeds":5,"minecraft:cobblestone":488,"minecraft:leather_boots":2,"minecraft:diamond_axe":1,"minecraft:potion":1,"minecraft:bundle":1,"minecraft:diamond_helmet":2,"minecraft:leather":2,"minecraft:iron_hoe":1,"minecraft:diamond_boots":1,"minecraft:diamond_chestplate":2,"minecraft:quartz":239,"minecraft:granite":24,"minecraft:saddle":3,"minecraft:birch_log":18,"minecraft:warped_nylium":3,"minecraft:diamond":155,"minecraft:feather":1,"minecraft:golden_sword":1,"minecraft:brown_wool":3,"minecraft:wildflowers":3,"minecraft:cobblestone_wall":122,"minecraft:birch_sapling":4,"minecraft:iron_bars":9,"minecraft:water_bucket":4,"minecraft:dragon_head":1,"minecraft:stone_bricks":1,"minecraft:acacia_log":11,"minecraft:leaf_litter":8,"minecraft:beef":1,"minecraft:diamond_sword":6,"minecraft:iron_sword":2,"minecraft:golden_leggings":2,"minecraft:eye_armor_trim_smithing_template":2,"minecraft:fishing_rod":2,"minecraft:dragon_egg":2,"minecraft:amethyst_shard":35,"minecraft:blast_furnace":1,"minecraft:purpur_slab":2},"minecraft:killed":{"minecraft:pillager":4,"minecraft:zombified_piglin":16,"minecraft:skeleton":114,"minecraft:pig":7,"minecraft:witch":1,"minecraft:piglin":2,"minecraft:silverfish":8,"minecraft:spider":35,"minecraft:shulker":15,"minecraft:zombie":164,"minecraft:husk":1,"minecraft:wither_skeleton":39,"minecraft:cave_spider":4,"minecraft:glow_squid":1,"minecraft:creeper":48,"minecraft:chicken":24,"minecraft:enderman":34,"minecraft:sheep":16,"minecraft:cow":129,"minecraft:magma_cube":6,"minecraft:ghast":2,"minecraft:blaze":42},"minecraft:custom":{"minecraft:time_since_rest":47254,"minecraft:talked_to_villager":8,"minecraft:leave_game":9,"minecraft:damage_taken":19223,"minecraft:mob_kills":726,"minecraft:boat_one_cm":290788,"minecraft:damage_absorbed":160,"minecraft:time_since_death":47231,"minecraft:aviate_one_cm":746410,"minecraft:interact_with_brewingstand":1,"minecraft:interact_with_furnace":442,"minecraft:sleep_in_bed":3,"minecraft:swim_one_cm":127056,"minecraft:total_world_time":824797,"minecraft:crouch_one_cm":317823,"minecraft:climb_one_cm":3685,"minecraft:deaths":13,"minecraft:interact_with_stonecutter":18,"minecraft:enchant_item":18,"minecraft:animals_bred":159,"minecraft:damage_blocked_by_shield":13191,"minecraft:interact_with_crafting_table":144,"minecraft:walk_one_cm":2833980,"minecraft:walk_under_water_one_cm":78231,"minecraft:damage_dealt":117601,"minecraft:play_time":824797,"minecraft:jump":14712,"minecraft:drop":504,"minecraft:open_barrel":99,"minecraft:sprint_one_cm":1809537,"minecraft:open_chest":327,"minecraft:fall_one_cm":466910,"minecraft:fly_one_cm":2249167,"minecraft:interact_with_anvil":8,"minecraft:walk_on_water_one_cm":59779,"minecraft:sneak_time":106583,"minecraft:interact_with_blast_furnace":23,"minecraft:interact_with_grindstone":20},"minecraft:broken":{"minecraft:wooden_axe":1,"minecraft:shield":3,"minecraft:iron_shovel":1,"minecraft:stone_axe":1,"minecraft:iron_pickaxe":15,"minecraft:stone_pickaxe":1,"minecraft:golden_shovel":1,"minecraft:iron_sword":1},"minecraft:used":{"minecraft:stone_axe":136,"minecraft:acacia_boat":4,"minecraft:oak_fence":17,"minecraft:iron_axe":151,"minecraft:grass_block":1,"minecraft:diamond_helmet":3,"minecraft:golden_pickaxe":4,"minecraft:stone_slab":580,"minecraft:shield":243,"minecraft:end_stone":32,"minecraft:iron_pickaxe":3797,"minecraft:andesite":17,"minecraft:diamond_sword":1560,"minecraft:potato":2,"minecraft:oak_boat":4,"minecraft:firework_rocket":33,"minecraft:iron_sword":456,"minecraft:wheat_seeds":442,"minecraft:elytra":4,"minecraft:wooden_axe":71,"minecraft:diamond_pickaxe":4261,"minecraft:ender_eye":21,"minecraft:cooked_mutton":4,"minecraft:bookshelf":27,"minecraft:lantern":9,"minecraft:cooked_porkchop":10,"minecraft:iron_shovel":458,"minecraft:cobblestone_wall":177,"minecraft:birch_fence":21,"minecraft:diorite":128,"minecraft:wooden_pickaxe":50,"minecraft:diamond_leggings":1,"minecraft:oak_log":20,"minecraft:cobblestone":734,"minecraft:diamond_chestplate":7,"minecraft:stone":407,"minecraft:golden_apple":4,"minecraft:grindstone":1,"minecraft:crafting_table":23,"minecraft:iron_chestplate":3,"minecraft:white_bed":2,"minecraft:stone_pickaxe":238,"minecraft:bow":46,"minecraft:diamond_boots":2,"minecraft:deepslate_coal_ore":3,"minecraft:cobbled_deepslate":165,"minecraft:acacia_planks":4,"minecraft:netherrack":707,"minecraft:apple":1,"minecraft:birch_planks":1,"minecraft:iron_hoe":55,"minecraft:water_bucket":158,"minecraft:smooth_basalt":1,"minecraft:anvil":1,"minecraft:furnace":14,"minecraft:torch":12,"minecraft:dirt":348,"minecraft:iron_boots":2,"minecraft:obsidian":30,"minecraft:gravel":9,"minecraft:stone_stairs":101,"minecraft:cooked_chicken":13,"minecraft:birch_log":1,"minecraft:cooked_beef":173,"minecraft:flint_and_steel":3,"minecraft:bucket":160,"minecraft:spyglass":59,"minecraft:chest":7,"minecraft:enchanting_table":1,"minecraft:oak_planks":15,"minecraft:oak_sapling":6,"minecraft:sugar_cane":25,"minecraft:ender_pearl":3,"minecraft:golden_shovel":34},"minecraft:killed_by":{"minecraft:skeleton":5,"minecraft:blaze":1,"minecraft:creeper":4,"minecraft:spider":1,"minecraft:zombie":2},"minecraft:picked_up":{"minecraft:cobblestone_wall":160,"minecraft:brewing_stand":2,"minecraft:cobblestone":3374,"minecraft:saddle":3,"minecraft:flint":3,"minecraft:sugar_cane":125,"minecraft:purpur_block":4,"minecraft:warped_roots":4,"minecraft:redstone":242,"minecraft:bone":168,"minecraft:acacia_sapling":2,"minecraft:cooked_mutton":14,"minecraft:lantern":4,"minecraft:iron_bars":9,"minecraft:iron_sword":4,"minecraft:diamond":471,"minecraft:white_banner":1,"minecraft:granite":26,"minecraft:dragon_egg":3,"minecraft:blaze_rod":26,"minecraft:book":183,"minecraft:purpur_pillar":5,"minecraft:wildflowers":3,"minecraft:spyglass":3,"minecraft:gold_block":4,"minecraft:bow":8,"minecraft:smooth_basalt":3,"minecraft:arrow":130,"minecraft:iron_ingot":263,"minecraft:end_stone":75,"minecraft:hay_block":13,"minecraft:raw_gold":97,"minecraft:stone_sword":4,"minecraft:golden_leggings":1,"minecraft:acacia_log":48,"minecraft:mutton":25,"minecraft:acacia_planks":38,"minecraft:diamond_leggings":1,"minecraft:iron_chestplate":7,"minecraft:lime_bed":1,"minecraft:dirt":601,"minecraft:brown_wool":3,"minecraft:diamond_helmet":3,"minecraft:iron_shovel":4,"minecraft:golden_boots":4,"minecraft:torch":52,"minecraft:diamond_pickaxe":4,"minecraft:ender_eye":6,"minecraft:bread":22,"minecraft:iron_boots":5,"minecraft:coal":669,"minecraft:oak_log":190,"minecraft:stone_stairs":63,"minecraft:acacia_boat":4,"minecraft:oak_fence":13,"minecraft:birch_planks":55,"minecraft:sand":1,"minecraft:furnace":10,"minecraft:wheat_seeds":1432,"minecraft:iron_pickaxe":11,"minecraft:quartz":1057,"minecraft:egg":2,"minecraft:nether_bricks":9,"minecraft:iron_leggings":4,"minecraft:diamond_sword":6,"minecraft:birch_sapling":5,"minecraft:cooked_beef":197,"minecraft:white_wool":24,"minecraft:feather":51,"minecraft:eye_armor_trim_smithing_template":2,"minecraft:warped_wart_block":6,"minecraft:potion":1,"minecraft:warped_nylium":6,"minecraft:blast_furnace":1,"minecraft:andesite":125,"minecraft:ender_pearl":63,"minecraft:string":40,"minecraft:golden_sword":1,"minecraft:stone_bricks":7,"minecraft:copper_ingot":12,"minecraft:obsidian":50,"minecraft:leather_boots":2,"minecraft:amethyst_shard":35,"minecraft:iron_helmet":4,"minecraft:warped_fungus":1,"minecraft:diamond_axe":1,"minecraft:enchanted_book":1,"minecraft:carrot":1,"minecraft:white_bed":4,"minecraft:fishing_rod":2,"minecraft:bucket":2,"minecraft:leather":182,"minecraft:gold_nugget":33,"minecraft:shulker_shell":18,"minecraft:stone_slab":423,"minecraft:lead":1,"minecraft:water_bucket":12,"minecraft:stone_pickaxe":5,"minecraft:armadillo_scute":1,"minecraft:gold_ingot":14,"minecraft:chorus_fruit":21,"minecraft:melon_seeds":5,"minecraft:glow_ink_sac":4,"minecraft:porkchop":14,"minecraft:stick":24,"minecraft:dragon_head":1,"minecraft:deepslate_coal_ore":4,"minecraft:chicken":24,"minecraft:diamond_boots":2,"minecraft:cooked_porkchop":7,"minecraft:iron_axe":8,"minecraft:cooked_chicken":27,"minecraft:grindstone":2,"minecraft:raw_iron":570,"minecraft:cobbled_deepslate":436,"minecraft:diamond_chestplate":3,"minecraft:birch_fence":3,"minecraft:stone_axe":2,"minecraft:mossy_cobblestone":1,"minecraft:amethyst_block":13,"minecraft:wheat":507,"minecraft:leather_helmet":2,"minecraft:gunpowder":137,"minecraft:chest":5,"minecraft:elytra":1,"minecraft:end_rod":6,"minecraft:netherrack":1072,"minecraft:purpur_slab":2,"minecraft:stone":128,"minecraft:gravel":36,"minecraft:golden_pickaxe":3,"minecraft:light_gray_wool":1,"minecraft:tuff":19,"minecraft:leaf_litter":8,"minecraft:cooked_cod":7,"minecraft:potato":1,"minecraft:grass_block":4,"minecraft:birch_log":102,"minecraft:shield":6,"minecraft:lapis_lazuli":1019,"minecraft:spider_eye":6,"minecraft:ominous_bottle":1,"minecraft:diorite":177,"minecraft:oak_boat":3,"minecraft:pufferfish":1,"minecraft:oak_planks":16,"minecraft:golden_helmet":2,"minecraft:brown_egg":2,"minecraft:flint_and_steel":2,"minecraft:crafting_table":24,"minecraft:raw_copper":81,"minecraft:oak_sapling":10,"minecraft:beef":279,"minecraft:rotten_flesh":212,"minecraft:wither_skeleton_skull":1,"minecraft:apple":4,"minecraft:glass_bottle":1,"minecraft:iron_nugget":15,"minecraft:calcite":28,"minecraft:iron_hoe":2,"minecraft:purpur_stairs":1,"minecraft:cracked_stone_bricks":3},"minecraft:crafted":{"minecraft:wooden_axe":2,"minecraft:firework_rocket":192,"minecraft:diamond_boots":2,"minecraft:birch_fence":24,"minecraft:ender_eye":15,"minecraft:gold_ingot":36,"minecraft:book":84,"minecraft:iron_chestplate":1,"minecraft:stick":128,"minecraft:oak_fence":9,"minecraft:cooked_porkchop":17,"minecraft:iron_helmet":1,"minecraft:iron_block":3,"minecraft:diamond_pickaxe":4,"minecraft:chest":5,"minecraft:bookshelf":27,"minecraft:cobblestone_wall":69,"minecraft:stone_slab":144,"minecraft:air":0,"minecraft:acacia_planks":116,"minecraft:bucket":3,"minecraft:flint_and_steel":1,"minecraft:oak_boat":2,"minecraft:iron_hoe":1,"minecraft:oak_planks":220,"minecraft:enchanting_table":1,"minecraft:stone_stairs":58,"minecraft:iron_shovel":2,"minecraft:iron_sword":2,"minecraft:lantern":6,"minecraft:cooked_chicken":17,"minecraft:birch_planks":128,"minecraft:stone_pickaxe":2,"minecraft:cooked_mutton":17,"minecraft:iron_boots":1,"minecraft:anvil":1,"minecraft:wooden_pickaxe":1,"minecraft:cooked_beef":221,"minecraft:diamond_chestplate":2,"minecraft:diamond_sword":4,"minecraft:iron_nugget":63,"minecraft:paper":330,"minecraft:furnace":7,"minecraft:iron_ingot":121,"minecraft:copper_ingot":12,"minecraft:diamond_helmet":2,"minecraft:stone":675,"minecraft:blaze_powder":20,"minecraft:crafting_table":7,"minecraft:diamond_leggings":2,"minecraft:torch":64,"minecraft:shield":8,"minecraft:stone_axe":2,"minecraft:iron_pickaxe":18,"minecraft:iron_axe":2,"minecraft:iron_leggings":1,"minecraft:golden_apple":4},"minecraft:mined":{"minecraft:torch":4,"minecraft:spawner":5,"minecraft:warped_wart_block":6,"minecraft:lime_bed":1,"minecraft:nether_quartz_ore":1018,"minecraft:chest":1,"minecraft:smooth_basalt":2,"minecraft:warped_nylium":20,"minecraft:netherrack":1621,"minecraft:gravel":20,"minecraft:short_grass":136,"minecraft:amethyst_block":4,"minecraft:infested_stone_bricks":1,"minecraft:acacia_leaves":3,"minecraft:dirt_path":5,"minecraft:crafting_table":20,"minecraft:birch_log":51,"minecraft:melon_stem":3,"minecraft:deepslate_redstone_ore":29,"minecraft:leaf_litter":3,"minecraft:purpur_slab":2,"minecraft:obsidian":50,"minecraft:farmland":21,"minecraft:copper_ore":29,"minecraft:grindstone":2,"minecraft:gold_ore":3,"minecraft:birch_leaves":3,"minecraft:andesite":177,"minecraft:oak_fence":13,"minecraft:blast_furnace":1,"minecraft:end_rod":1,"minecraft:deepslate_gold_ore":48,"minecraft:gold_block":2,"minecraft:purpur_block":5,"minecraft:nether_bricks":9,"minecraft:budding_amethyst":1,"minecraft:diamond_ore":3,"minecraft:wall_torch":6,"minecraft:fire":60,"minecraft:deepslate_diamond_ore":193,"minecraft:deepslate_lapis_ore":43,"minecraft:deepslate_iron_ore":149,"minecraft:attached_melon_stem":1,"minecraft:birch_planks":1,"minecraft:purpur_stairs":2,"minecraft:amethyst_cluster":3,"minecraft:oak_sapling":1,"minecraft:iron_ore":192,"minecraft:acacia_log":8,"minecraft:stone":3312,"minecraft:nether_sprouts":2,"minecraft:stone_bricks":9,"minecraft:granite":29,"minecraft:stone_slab":119,"minecraft:coal_ore":353,"minecraft:diorite":198,"minecraft:wheat":598,"minecraft:oak_planks":3,"minecraft:hay_block":11,"minecraft:cobblestone":138,"minecraft:sugar_cane":81,"minecraft:white_bed":1,"minecraft:purpur_pillar":5,"minecraft:lantern":2,"minecraft:dragon_wall_head":1,"minecraft:oak_leaves":69,"minecraft:furnace":8,"minecraft:end_stone":44,"minecraft:end_stone_bricks":2,"minecraft:brewing_stand":1,"minecraft:birch_fence":5,"minecraft:bookshelf":1,"minecraft:cracked_stone_bricks":4,"minecraft:glow_lichen":1,"minecraft:deepslate_coal_ore":6,"minecraft:tall_grass":8,"minecraft:wildflowers":1,"minecraft:large_amethyst_bud":1,"minecraft:cobblestone_wall":42,"minecraft:mossy_cobblestone":1,"minecraft:dirt":246,"minecraft:twisting_vines":2,"minecraft:grass_block":249,"minecraft:cobweb":6,"minecraft:cobbled_deepslate":5,"minecraft:tuff":16,"minecraft:deepslate":240,"minecraft:calcite":2,"minecraft:oak_log":107,"minecraft:stone_stairs":72,"minecraft:lapis_ore":14}},"DataVersion":4325}