{"stats":{"minecraft:crafted":{"minecraft:wooden_axe":1,"minecraft:stone_brick_wall":13,"minecraft:birch_fence":15,"minecraft:andesite_stairs":4,"minecraft:gold_ingot":3,"minecraft:acacia_chest_boat":1,"minecraft:iron_chestplate":1,"minecraft:glass_pane":64,"minecraft:stick":116,"minecraft:smooth_stone_slab":24,"minecraft:oak_fence":30,"minecraft:cooked_porkchop":8,"minecraft:iron_helmet":2,"minecraft:iron_block":1,"minecraft:chest":9,"minecraft:cobblestone_wall":72,"minecraft:stone_slab":12,"minecraft:air":0,"minecraft:acacia_planks":48,"minecraft:bucket":3,"minecraft:flint_and_steel":1,"minecraft:bone_meal":81,"minecraft:spyglass":3,"minecraft:oak_boat":1,"minecraft:oak_stairs":156,"minecraft:item_frame":2,"minecraft:glass":110,"minecraft:blast_furnace":3,"minecraft:cobblestone_slab":78,"minecraft:iron_hoe":5,"minecraft:oak_button":12,"minecraft:oak_trapdoor":40,"minecraft:oak_planks":840,"minecraft:stone_stairs":4,"minecraft:iron_shovel":3,"minecraft:stone_shovel":1,"minecraft:white_dye":9,"minecraft:lantern":14,"minecraft:cooked_chicken":8,"minecraft:birch_planks":136,"minecraft:stone_pickaxe":3,"minecraft:cooked_mutton":9,"minecraft:coal_block":1,"minecraft:iron_boots":2,"minecraft:acacia_trapdoor":2,"minecraft:smooth_stone":163,"minecraft:white_wool":3,"minecraft:wooden_pickaxe":2,"minecraft:oak_fence_gate":6,"minecraft:cooked_beef":91,"minecraft:oak_door":3,"minecraft:stonecutter":1,"minecraft:oak_slab":408,"minecraft:barrel":8,"minecraft:chain":5,"minecraft:diamond_chestplate":1,"minecraft:diamond_sword":1,"minecraft:oak_wood":3,"minecraft:iron_nugget":126,"minecraft:furnace":6,"minecraft:acacia_boat":2,"minecraft:iron_ingot":289,"minecraft:copper_ingot":109,"minecraft:bread":9,"minecraft:stone":579,"minecraft:crafting_table":10,"minecraft:diamond_leggings":1,"minecraft:torch":148,"minecraft:white_bed":3,"minecraft:birch_slab":30,"minecraft:shield":2,"minecraft:stone_axe":3,"minecraft:iron_pickaxe":6,"minecraft:iron_axe":6,"minecraft:iron_leggings":1,"minecraft:cobblestone_stairs":16},"minecraft:killed_by":{"minecraft:skeleton":1,"minecraft:creeper":1,"minecraft:enderman":1,"minecraft:spider":2,"minecraft:shulker":1},"minecraft:picked_up":{"minecraft:cobblestone_wall":235,"minecraft:iron_door":8,"minecraft:smooth_stone_slab":63,"minecraft:cobblestone":1003,"minecraft:acacia_chest_boat":3,"minecraft:flint":2,"minecraft:sugar_cane":226,"minecraft:purpur_block":1,"minecraft:warped_roots":3,"minecraft:redstone":91,"minecraft:bone":54,"minecraft:birch_slab":1,"minecraft:acacia_sapling":10,"minecraft:cooked_mutton":25,"minecraft:clay_ball":28,"minecraft:lantern":10,"minecraft:firefly_bush":1,"minecraft:iron_bars":9,"minecraft:iron_sword":1,"minecraft:diamond":24,"minecraft:granite":49,"minecraft:dragon_egg":1,"minecraft:blaze_rod":3,"minecraft:book":60,"minecraft:wildflowers":37,"minecraft:spyglass":1,"minecraft:bow":8,"minecraft:smooth_basalt":52,"minecraft:stone_shovel":1,"minecraft:arrow":73,"minecraft:iron_ingot":112,"minecraft:end_stone":66,"minecraft:cactus":4,"minecraft:hay_block":55,"minecraft:raw_gold":11,"minecraft:golden_leggings":4,"minecraft:acacia_log":69,"minecraft:mossy_stone_bricks":5,"minecraft:mutton":20,"minecraft:acacia_planks":10,"minecraft:iron_chestplate":5,"minecraft:oak_wood":6,"minecraft:dirt":1039,"minecraft:iron_shovel":8,"minecraft:golden_boots":1,"minecraft:torch":228,"minecraft:ender_eye":1,"minecraft:cobblestone_stairs":6,"minecraft:bread":35,"minecraft:stripped_birch_log":1,"minecraft:iron_boots":5,"minecraft:oak_stairs":80,"minecraft:coal":584,"minecraft:oak_log":480,"minecraft:stone_stairs":50,"minecraft:acacia_boat":2,"minecraft:oak_fence":33,"minecraft:birch_planks":76,"minecraft:sand":131,"minecraft:furnace":21,"minecraft:oak_door":3,"minecraft:wheat_seeds":607,"minecraft:iron_pickaxe":5,"minecraft:andesite_stairs":2,"minecraft:quartz":9,"minecraft:egg":5,"minecraft:iron_leggings":2,"minecraft:diamond_sword":2,"minecraft:birch_sapling":10,"minecraft:poppy":14,"minecraft:cooked_beef":103,"minecraft:white_wool":14,"minecraft:feather":4,"minecraft:andesite":55,"minecraft:ender_pearl":16,"minecraft:string":42,"minecraft:stone_bricks":52,"minecraft:copper_ingot":116,"minecraft:amethyst_shard":72,"minecraft:sandstone":9,"minecraft:chain":5,"minecraft:iron_helmet":6,"minecraft:warped_fungus":1,"minecraft:acacia_trapdoor":6,"minecraft:oak_fence_gate":2,"minecraft:iron_block":3,"minecraft:white_bed":2,"minecraft:stripped_oak_log":12,"minecraft:bucket":2,"minecraft:leather":170,"minecraft:stone_slab":202,"minecraft:lead":4,"minecraft:water_bucket":10,"minecraft:stone_pickaxe":3,"minecraft:wooden_axe":2,"minecraft:armadillo_scute":1,"minecraft:glass_pane":18,"minecraft:chorus_fruit":1,"minecraft:peony":14,"minecraft:glow_ink_sac":2,"minecraft:porkchop":15,"minecraft:polished_andesite_slab":21,"minecraft:oak_trapdoor":18,"minecraft:stick":83,"minecraft:deepslate_coal_ore":1,"minecraft:chicken":7,"minecraft:cooked_porkchop":6,"minecraft:iron_axe":5,"minecraft:cooked_chicken":15,"minecraft:stone_brick_wall":52,"minecraft:grindstone":1,"minecraft:raw_iron":233,"minecraft:cobbled_deepslate":138,"minecraft:diamond_chestplate":1,"minecraft:birch_fence":11,"minecraft:dead_bush":1,"minecraft:stone_axe":5,"minecraft:amethyst_block":77,"minecraft:wheat":209,"minecraft:gunpowder":26,"minecraft:chest":4,"minecraft:end_rod":2,"minecraft:netherrack":46,"minecraft:stone":76,"minecraft:gravel":34,"minecraft:smooth_stone":45,"minecraft:light_gray_wool":1,"minecraft:lodestone":3,"minecraft:tuff":3,"minecraft:leaf_litter":14,"minecraft:phantom_membrane":6,"minecraft:grass_block":9,"minecraft:birch_log":81,"minecraft:shield":6,"minecraft:lapis_lazuli":192,"minecraft:pumpkin":28,"minecraft:spider_eye":9,"minecraft:coal_block":2,"minecraft:dark_oak_log":1,"minecraft:diorite":41,"minecraft:wooden_pickaxe":2,"minecraft:pufferfish":2,"minecraft:flower_pot":4,"minecraft:oak_planks":45,"minecraft:brown_egg":2,"minecraft:crafting_table":39,"minecraft:raw_copper":40,"minecraft:oak_sapling":170,"minecraft:beef":121,"minecraft:rotten_flesh":117,"minecraft:apple":19,"minecraft:cobblestone_slab":54,"minecraft:oak_slab":191,"minecraft:iron_nugget":7,"minecraft:calcite":182,"minecraft:barrel":6,"minecraft:iron_hoe":6,"minecraft:cocoa_beans":2,"minecraft:cracked_stone_bricks":5,"minecraft:stripped_acacia_log":11},"minecraft:used":{"minecraft:acacia_boat":3,"minecraft:stone_brick_wall":52,"minecraft:iron_axe":1153,"minecraft:leaf_litter":2,"minecraft:andesite_stairs":2,"minecraft:stone_slab":111,"minecraft:end_stone":10,"minecraft:iron_block":3,"minecraft:diamond_sword":142,"minecraft:wheat_seeds":283,"minecraft:wooden_axe":5,"minecraft:glass":28,"minecraft:glass_pane":60,"minecraft:lantern":24,"minecraft:cooked_porkchop":14,"minecraft:iron_shovel":788,"minecraft:hay_block":14,"minecraft:oak_wood":8,"minecraft:birch_fence":26,"minecraft:firefly_bush":1,"minecraft:cracked_stone_bricks":5,"minecraft:oak_log":205,"minecraft:stonecutter":1,"minecraft:stripped_oak_log":12,"minecraft:poppy":1,"minecraft:stone_pickaxe":306,"minecraft:bow":13,"minecraft:oak_door":4,"minecraft:iron_leggings":1,"minecraft:cobbled_deepslate":27,"minecraft:netherrack":46,"minecraft:golden_leggings":1,"minecraft:stone_shovel":133,"minecraft:rotten_flesh":10,"minecraft:bone_meal":33,"minecraft:item_frame":1,"minecraft:coal_block":3,"minecraft:mutton":8,"minecraft:dirt":206,"minecraft:sand":5,"minecraft:lodestone":4,"minecraft:acacia_chest_boat":4,"minecraft:bucket":118,"minecraft:spyglass":110,"minecraft:oak_planks":71,"minecraft:oak_sapling":92,"minecraft:sugar_cane":31,"minecraft:smooth_stone_slab":207,"minecraft:stone_axe":202,"minecraft:oak_fence":46,"minecraft:oak_trapdoor":45,"minecraft:wildflowers":5,"minecraft:shield":96,"minecraft:birch_slab":31,"minecraft:iron_pickaxe":1593,"minecraft:andesite":1,"minecraft:oak_boat":1,"minecraft:acacia_log":1,"minecraft:stone_brick_slab":28,"minecraft:cooked_mutton":30,"minecraft:stone_bricks":206,"minecraft:blast_furnace":3,"minecraft:mossy_stone_bricks":1,"minecraft:smooth_stone":46,"minecraft:lava_bucket":1,"minecraft:cobblestone_wall":79,"minecraft:diorite":4,"minecraft:oak_slab":441,"minecraft:wooden_pickaxe":18,"minecraft:cobblestone":571,"minecraft:stone":5,"minecraft:chain":8,"minecraft:crafting_table":39,"minecraft:oak_fence_gate":8,"minecraft:white_bed":3,"minecraft:acacia_trapdoor":4,"minecraft:apple":2,"minecraft:iron_hoe":922,"minecraft:water_bucket":115,"minecraft:smooth_basalt":36,"minecraft:furnace":22,"minecraft:barrel":14,"minecraft:torch":141,"minecraft:bread":2,"minecraft:cobblestone_stairs":7,"minecraft:cobblestone_slab":106,"minecraft:dragon_egg":1,"minecraft:gravel":14,"minecraft:stone_stairs":76,"minecraft:cooked_chicken":12,"minecraft:oak_stairs":144,"minecraft:cooked_beef":76,"minecraft:flint_and_steel":10,"minecraft:chest":10,"minecraft:polished_andesite_slab":41,"minecraft:sandstone":2,"minecraft:ender_pearl":1},"minecraft:custom":{"minecraft:time_since_rest":9268,"minecraft:talked_to_villager":5,"minecraft:leave_game":20,"minecraft:damage_taken":11130,"minecraft:mob_kills":255,"minecraft:boat_one_cm":46872,"minecraft:time_since_death":10238,"minecraft:interact_with_furnace":254,"minecraft:sleep_in_bed":8,"minecraft:swim_one_cm":38956,"minecraft:total_world_time":556553,"minecraft:crouch_one_cm":93749,"minecraft:climb_one_cm":666,"minecraft:deaths":9,"minecraft:interact_with_stonecutter":27,"minecraft:animals_bred":94,"minecraft:damage_blocked_by_shield":6170,"minecraft:interact_with_crafting_table":173,"minecraft:walk_one_cm":2132601,"minecraft:walk_under_water_one_cm":25365,"minecraft:horse_one_cm":463,"minecraft:damage_dealt":39850,"minecraft:play_time":556553,"minecraft:jump":7004,"minecraft:drop":134,"minecraft:open_barrel":115,"minecraft:sprint_one_cm":2004703,"minecraft:open_chest":455,"minecraft:fall_one_cm":232787,"minecraft:fly_one_cm":1183171,"minecraft:walk_on_water_one_cm":29068,"minecraft:sneak_time":24437,"minecraft:interact_with_blast_furnace":28},"minecraft:broken":{"minecraft:iron_helmet":1,"minecraft:stone_shovel":1,"minecraft:golden_leggings":2,"minecraft:iron_axe":5,"minecraft:iron_hoe":3,"minecraft:shield":2,"minecraft:iron_shovel":3,"minecraft:stone_axe":3,"minecraft:iron_pickaxe":6,"minecraft:stone_pickaxe":3},"minecraft:killed":{"minecraft:skeleton":36,"minecraft:phantom":3,"minecraft:pig":7,"minecraft:bat":1,"minecraft:wandering_trader":1,"minecraft:ender_dragon":1,"minecraft:silverfish":1,"minecraft:spider":19,"minecraft:shulker":1,"minecraft:zombie":79,"minecraft:creeper":16,"minecraft:chicken":4,"minecraft:enderman":9,"minecraft:sheep":8,"minecraft:cow":59,"minecraft:blaze":3},"minecraft:dropped":{"minecraft:iron_axe":2,"minecraft:iron_shovel":2,"minecraft:bone":13,"minecraft:poppy":9,"minecraft:wheat_seeds":1,"minecraft:iron_ingot":22,"minecraft:stone_pickaxe":1,"minecraft:shield":1,"minecraft:pumpkin":16,"minecraft:acacia_sapling":4,"minecraft:oak_sapling":10,"minecraft:cooked_chicken":8,"minecraft:calcite":104,"minecraft:warped_roots":3,"minecraft:copper_ingot":36,"minecraft:amethyst_block":44,"minecraft:oak_log":15,"minecraft:grass_block":2,"minecraft:string":2,"minecraft:golden_boots":1,"minecraft:iron_leggings":1,"minecraft:stick":3,"minecraft:deepslate_coal_ore":1,"minecraft:acacia_planks":4,"minecraft:phantom_membrane":4,"minecraft:arrow":1,"minecraft:white_bed":2,"minecraft:wooden_axe":3,"minecraft:spider_eye":2,"minecraft:stone_axe":1,"minecraft:iron_pickaxe":1,"minecraft:stone_shovel":1,"minecraft:cobblestone":21,"minecraft:iron_helmet":1,"minecraft:iron_chestplate":1,"minecraft:torch":2,"minecraft:bow":1,"minecraft:ender_eye":1,"minecraft:bucket":1,"minecraft:white_wool":2,"minecraft:dirt":33,"minecraft:leather":65,"minecraft:iron_hoe":2,"minecraft:stone":12,"minecraft:diamond_leggings":1,"minecraft:sand":1,"minecraft:granite":24,"minecraft:birch_log":11,"minecraft:coal":39,"minecraft:wildflowers":13,"minecraft:cobblestone_wall":59,"minecraft:water_bucket":2,"minecraft:stone_slab":96,"minecraft:cooked_beef":19,"minecraft:andesite_stairs":4,"minecraft:leaf_litter":2,"minecraft:wooden_pickaxe":2,"minecraft:beef":1,"minecraft:diamond_sword":1,"minecraft:iron_sword":1,"minecraft:raw_iron":1,"minecraft:crafting_table":1,"minecraft:lapis_lazuli":38,"minecraft:spyglass":2},"minecraft:mined":{"minecraft:torch":16,"minecraft:lodestone":3,"minecraft:chest":3,"minecraft:smooth_basalt":52,"minecraft:pumpkin":4,"minecraft:netherrack":45,"minecraft:amethyst_block":9,"minecraft:birch_log":25,"minecraft:farmland":4,"minecraft:sandstone":10,"minecraft:iron_door":9,"minecraft:birch_leaves":10,"minecraft:oak_fence":33,"minecraft:smooth_stone_slab":47,"minecraft:wall_torch":8,"minecraft:fern":1,"minecraft:fire":17,"minecraft:deepslate_diamond_ore":13,"minecraft:oak_sapling":7,"minecraft:iron_ore":200,"minecraft:acacia_log":24,"minecraft:glass_pane":12,"minecraft:chain":4,"minecraft:stone_slab":55,"minecraft:glass":19,"minecraft:oak_planks":15,"minecraft:cobblestone":210,"minecraft:sugar_cane":170,"minecraft:lantern":8,"minecraft:oak_leaves":842,"minecraft:furnace":18,"minecraft:birch_slab":1,"minecraft:end_stone":69,"minecraft:clay":7,"minecraft:cracked_stone_bricks":4,"minecraft:tall_grass":67,"minecraft:wildflowers":3,"minecraft:mossy_stone_bricks":2,"minecraft:cobblestone_wall":42,"minecraft:acacia_trapdoor":4,"minecraft:dirt":92,"minecraft:tall_dry_grass":3,"minecraft:stripped_birch_log":1,"minecraft:deepslate":83,"minecraft:sand":122,"minecraft:oak_wood":6,"minecraft:oak_log":401,"minecraft:potted_cactus":3,"minecraft:cocoa":2,"minecraft:lapis_ore":12,"minecraft:oak_door":3,"minecraft:redstone_ore":3,"minecraft:spawner":1,"minecraft:coal_block":2,"minecraft:warped_roots":3,"minecraft:warped_nylium":2,"minecraft:oak_slab":72,"minecraft:gravel":26,"minecraft:short_grass":373,"minecraft:acacia_leaves":34,"minecraft:dirt_path":19,"minecraft:crafting_table":35,"minecraft:deepslate_redstone_ore":9,"minecraft:leaf_litter":1,"minecraft:stripped_oak_log":12,"minecraft:copper_ore":13,"minecraft:stone_brick_wall":24,"minecraft:firefly_bush":1,"minecraft:smooth_stone":30,"minecraft:gold_ore":3,"minecraft:andesite":30,"minecraft:end_rod":2,"minecraft:deepslate_gold_ore":4,"minecraft:andesite_stairs":2,"minecraft:budding_amethyst":1,"minecraft:warped_fungus":1,"minecraft:polished_andesite_slab":15,"minecraft:poppy":3,"minecraft:deepslate_lapis_ore":6,"minecraft:cactus":1,"minecraft:deepslate_iron_ore":5,"minecraft:iron_block":3,"minecraft:amethyst_cluster":3,"minecraft:jungle_leaves":2,"minecraft:stone":447,"minecraft:stripped_acacia_log":11,"minecraft:stone_bricks":50,"minecraft:granite":23,"minecraft:cobblestone_stairs":6,"minecraft:bush":2,"minecraft:coal_ore":183,"minecraft:diorite":34,"minecraft:wheat":213,"minecraft:hay_block":40,"minecraft:oak_trapdoor":6,"minecraft:white_bed":2,"minecraft:birch_fence":11,"minecraft:bookshelf":18,"minecraft:short_dry_grass":3,"minecraft:barrel":6,"minecraft:oak_stairs":70,"minecraft:potted_dead_bush":1,"minecraft:grass_block":598,"minecraft:cobweb":7,"minecraft:peony":10,"minecraft:cobbled_deepslate":5,"minecraft:tuff":1,"minecraft:calcite":26,"minecraft:cobblestone_slab":48,"minecraft:dead_bush":1,"minecraft:stone_stairs":13}},"DataVersion":4325}