{"stats":{"minecraft:custom":{"minecraft:time_since_rest":10242,"minecraft:talked_to_villager":5,"minecraft:leave_game":18,"minecraft:damage_taken":8167,"minecraft:mob_kills":190,"minecraft:time_since_death":36185,"minecraft:interact_with_furnace":211,"minecraft:sleep_in_bed":6,"minecraft:swim_one_cm":36866,"minecraft:total_world_time":409493,"minecraft:crouch_one_cm":53398,"minecraft:climb_one_cm":428,"minecraft:deaths":7,"minecraft:interact_with_stonecutter":19,"minecraft:animals_bred":70,"minecraft:damage_blocked_by_shield":4887,"minecraft:interact_with_crafting_table":132,"minecraft:walk_one_cm":1368857,"minecraft:walk_under_water_one_cm":20255,"minecraft:damage_dealt":30899,"minecraft:play_time":409493,"minecraft:jump":4769,"minecraft:drop":109,"minecraft:open_barrel":82,"minecraft:sprint_one_cm":1372252,"minecraft:open_chest":259,"minecraft:fall_one_cm":163706,"minecraft:fly_one_cm":746644,"minecraft:walk_on_water_one_cm":22165,"minecraft:sneak_time":16229,"minecraft:interact_with_blast_furnace":28},"minecraft:picked_up":{"minecraft:cobblestone_wall":218,"minecraft:smooth_stone_slab":56,"minecraft:cobblestone":810,"minecraft:flint":1,"minecraft:sugar_cane":197,"minecraft:redstone":91,"minecraft:bone":52,"minecraft:birch_slab":1,"minecraft:acacia_sapling":8,"minecraft:cooked_mutton":25,"minecraft:lantern":7,"minecraft:iron_sword":1,"minecraft:diamond":24,"minecraft:granite":35,"minecraft:wildflowers":37,"minecraft:bow":7,"minecraft:smooth_basalt":52,"minecraft:stone_shovel":1,"minecraft:arrow":69,"minecraft:iron_ingot":91,"minecraft:raw_gold":11,"minecraft:golden_leggings":4,"minecraft:acacia_log":26,"minecraft:mutton":20,"minecraft:iron_chestplate":5,"minecraft:dirt":702,"minecraft:iron_shovel":7,"minecraft:golden_boots":1,"minecraft:torch":199,"minecraft:stripped_birch_log":1,"minecraft:iron_boots":4,"minecraft:oak_stairs":32,"minecraft:coal":584,"minecraft:oak_log":333,"minecraft:stone_stairs":43,"minecraft:oak_fence":9,"minecraft:birch_planks":76,"minecraft:sand":129,"minecraft:furnace":21,"minecraft:oak_door":3,"minecraft:wheat_seeds":455,"minecraft:iron_pickaxe":4,"minecraft:andesite_stairs":2,"minecraft:egg":5,"minecraft:iron_leggings":1,"minecraft:birch_sapling":10,"minecraft:poppy":14,"minecraft:cooked_beef":47,"minecraft:white_wool":14,"minecraft:feather":4,"minecraft:andesite":55,"minecraft:ender_pearl":3,"minecraft:string":34,"minecraft:copper_ingot":116,"minecraft:amethyst_shard":72,"minecraft:sandstone":9,"minecraft:chain":5,"minecraft:iron_helmet":5,"minecraft:acacia_trapdoor":6,"minecraft:iron_block":3,"minecraft:white_bed":2,"minecraft:stripped_oak_log":6,"minecraft:bucket":2,"minecraft:leather":131,"minecraft:stone_slab":154,"minecraft:lead":4,"minecraft:water_bucket":9,"minecraft:stone_pickaxe":3,"minecraft:wooden_axe":2,"minecraft:armadillo_scute":1,"minecraft:glass_pane":18,"minecraft:peony":14,"minecraft:glow_ink_sac":2,"minecraft:porkchop":11,"minecraft:polished_andesite_slab":21,"minecraft:oak_trapdoor":16,"minecraft:stick":58,"minecraft:deepslate_coal_ore":1,"minecraft:chicken":7,"minecraft:cooked_porkchop":6,"minecraft:iron_axe":4,"minecraft:cooked_chicken":15,"minecraft:stone_brick_wall":51,"minecraft:raw_iron":233,"minecraft:cobbled_deepslate":138,"minecraft:birch_fence":11,"minecraft:stone_axe":5,"minecraft:amethyst_block":77,"minecraft:wheat":150,"minecraft:gunpowder":17,"minecraft:chest":4,"minecraft:stone":76,"minecraft:gravel":23,"minecraft:smooth_stone":15,"minecraft:light_gray_wool":1,"minecraft:lodestone":3,"minecraft:tuff":3,"minecraft:leaf_litter":14,"minecraft:phantom_membrane":6,"minecraft:grass_block":9,"minecraft:birch_log":81,"minecraft:shield":6,"minecraft:lapis_lazuli":192,"minecraft:pumpkin":28,"minecraft:spider_eye":9,"minecraft:coal_block":2,"minecraft:dark_oak_log":1,"minecraft:diorite":21,"minecraft:wooden_pickaxe":2,"minecraft:oak_planks":34,"minecraft:brown_egg":2,"minecraft:crafting_table":29,"minecraft:raw_copper":40,"minecraft:oak_sapling":110,"minecraft:beef":56,"minecraft:rotten_flesh":108,"minecraft:apple":14,"minecraft:cobblestone_slab":17,"minecraft:oak_slab":118,"minecraft:iron_nugget":7,"minecraft:calcite":182,"minecraft:barrel":6,"minecraft:iron_hoe":6,"minecraft:stripped_acacia_log":11},"minecraft:crafted":{"minecraft:wooden_axe":1,"minecraft:stone_brick_wall":13,"minecraft:birch_fence":15,"minecraft:andesite_stairs":4,"minecraft:gold_ingot":3,"minecraft:iron_chestplate":1,"minecraft:glass_pane":64,"minecraft:stick":100,"minecraft:smooth_stone_slab":24,"minecraft:oak_fence":18,"minecraft:cooked_porkchop":8,"minecraft:iron_helmet":1,"minecraft:iron_block":1,"minecraft:chest":8,"minecraft:cobblestone_wall":60,"minecraft:stone_slab":12,"minecraft:air":0,"minecraft:acacia_planks":8,"minecraft:bucket":3,"minecraft:flint_and_steel":1,"minecraft:bone_meal":27,"minecraft:spyglass":1,"minecraft:oak_stairs":92,"minecraft:glass":110,"minecraft:blast_furnace":3,"minecraft:cobblestone_slab":78,"minecraft:iron_hoe":3,"minecraft:oak_button":12,"minecraft:oak_trapdoor":36,"minecraft:oak_planks":516,"minecraft:stone_stairs":4,"minecraft:iron_shovel":2,"minecraft:stone_shovel":1,"minecraft:lantern":14,"minecraft:cooked_chicken":8,"minecraft:birch_planks":136,"minecraft:stone_pickaxe":3,"minecraft:cooked_mutton":9,"minecraft:coal_block":1,"minecraft:iron_boots":1,"minecraft:acacia_trapdoor":2,"minecraft:smooth_stone":99,"minecraft:wooden_pickaxe":2,"minecraft:cooked_beef":41,"minecraft:oak_door":3,"minecraft:stonecutter":1,"minecraft:oak_slab":60,"minecraft:barrel":8,"minecraft:chain":5,"minecraft:iron_nugget":126,"minecraft:furnace":6,"minecraft:iron_ingot":219,"minecraft:copper_ingot":109,"minecraft:stone":419,"minecraft:crafting_table":7,"minecraft:torch":148,"minecraft:white_bed":2,"minecraft:birch_slab":30,"minecraft:shield":1,"minecraft:stone_axe":3,"minecraft:iron_pickaxe":6,"minecraft:iron_axe":4,"minecraft:cobblestone_stairs":16},"minecraft:used":{"minecraft:stone_axe":202,"minecraft:oak_fence":24,"minecraft:oak_trapdoor":29,"minecraft:stone_brick_wall":38,"minecraft:iron_axe":662,"minecraft:leaf_litter":2,"minecraft:andesite_stairs":2,"minecraft:stone_slab":39,"minecraft:wildflowers":5,"minecraft:shield":74,"minecraft:birch_slab":31,"minecraft:iron_pickaxe":1147,"minecraft:andesite":1,"minecraft:iron_block":3,"minecraft:wheat_seeds":222,"minecraft:acacia_log":1,"minecraft:wooden_axe":5,"minecraft:cooked_mutton":29,"minecraft:glass":18,"minecraft:glass_pane":57,"minecraft:lantern":21,"minecraft:cooked_porkchop":14,"minecraft:blast_furnace":3,"minecraft:iron_shovel":423,"minecraft:lava_bucket":1,"minecraft:cobblestone_wall":65,"minecraft:birch_fence":26,"minecraft:diorite":4,"minecraft:oak_slab":14,"minecraft:wooden_pickaxe":18,"minecraft:oak_log":93,"minecraft:cobblestone":368,"minecraft:stone":4,"minecraft:stonecutter":1,"minecraft:chain":8,"minecraft:stripped_oak_log":5,"minecraft:crafting_table":27,"minecraft:poppy":1,"minecraft:white_bed":3,"minecraft:stone_pickaxe":306,"minecraft:bow":6,"minecraft:oak_door":4,"minecraft:acacia_trapdoor":4,"minecraft:cobbled_deepslate":27,"minecraft:apple":2,"minecraft:golden_leggings":1,"minecraft:stone_shovel":133,"minecraft:iron_hoe":505,"minecraft:rotten_flesh":10,"minecraft:water_bucket":82,"minecraft:bone_meal":25,"minecraft:coal_block":3,"minecraft:smooth_basalt":36,"minecraft:furnace":22,"minecraft:mutton":8,"minecraft:barrel":14,"minecraft:torch":106,"minecraft:dirt":188,"minecraft:sand":5,"minecraft:cobblestone_stairs":3,"minecraft:lodestone":4,"minecraft:cobblestone_slab":81,"minecraft:gravel":14,"minecraft:stone_stairs":32,"minecraft:cooked_chicken":12,"minecraft:oak_stairs":102,"minecraft:cooked_beef":38,"minecraft:flint_and_steel":10,"minecraft:bucket":86,"minecraft:spyglass":14,"minecraft:chest":10,"minecraft:oak_planks":60,"minecraft:oak_sapling":51,"minecraft:polished_andesite_slab":41,"minecraft:sugar_cane":31,"minecraft:sandstone":2,"minecraft:smooth_stone_slab":106},"minecraft:mined":{"minecraft:torch":12,"minecraft:redstone_ore":3,"minecraft:coal_block":2,"minecraft:lodestone":3,"minecraft:chest":3,"minecraft:smooth_basalt":52,"minecraft:pumpkin":4,"minecraft:oak_slab":1,"minecraft:gravel":14,"minecraft:short_grass":338,"minecraft:amethyst_block":9,"minecraft:acacia_leaves":5,"minecraft:dirt_path":6,"minecraft:crafting_table":25,"minecraft:birch_log":25,"minecraft:deepslate_redstone_ore":9,"minecraft:leaf_litter":1,"minecraft:stripped_oak_log":6,"minecraft:farmland":3,"minecraft:copper_ore":13,"minecraft:stone_brick_wall":22,"minecraft:sandstone":10,"minecraft:gold_ore":3,"minecraft:birch_leaves":10,"minecraft:andesite":30,"minecraft:oak_fence":9,"minecraft:smooth_stone_slab":38,"minecraft:deepslate_gold_ore":4,"minecraft:andesite_stairs":2,"minecraft:budding_amethyst":1,"minecraft:wall_torch":6,"minecraft:fire":10,"minecraft:polished_andesite_slab":15,"minecraft:deepslate_diamond_ore":13,"minecraft:poppy":3,"minecraft:deepslate_lapis_ore":6,"minecraft:deepslate_iron_ore":5,"minecraft:iron_block":3,"minecraft:amethyst_cluster":3,"minecraft:oak_sapling":4,"minecraft:iron_ore":200,"minecraft:acacia_log":11,"minecraft:stone":420,"minecraft:stripped_acacia_log":11,"minecraft:glass_pane":12,"minecraft:granite":23,"minecraft:bush":2,"minecraft:chain":4,"minecraft:stone_slab":9,"minecraft:glass":2,"minecraft:coal_ore":183,"minecraft:diorite":18,"minecraft:wheat":154,"minecraft:oak_planks":2,"minecraft:cobblestone":152,"minecraft:sugar_cane":153,"minecraft:oak_trapdoor":4,"minecraft:white_bed":2,"minecraft:lantern":5,"minecraft:oak_leaves":475,"minecraft:furnace":18,"minecraft:birch_slab":1,"minecraft:birch_fence":11,"minecraft:tall_grass":52,"minecraft:wildflowers":3,"minecraft:barrel":6,"minecraft:oak_stairs":21,"minecraft:cobblestone_wall":25,"minecraft:acacia_trapdoor":4,"minecraft:dirt":51,"minecraft:grass_block":333,"minecraft:peony":10,"minecraft:cobbled_deepslate":5,"minecraft:tuff":1,"minecraft:stripped_birch_log":1,"minecraft:deepslate":83,"minecraft:sand":122,"minecraft:calcite":26,"minecraft:cobblestone_slab":8,"minecraft:oak_log":254,"minecraft:stone_stairs":6,"minecraft:lapis_ore":12,"minecraft:oak_door":3},"minecraft:dropped":{"minecraft:iron_axe":2,"minecraft:iron_shovel":2,"minecraft:bone":13,"minecraft:poppy":9,"minecraft:iron_ingot":22,"minecraft:stone_pickaxe":1,"minecraft:shield":1,"minecraft:pumpkin":16,"minecraft:acacia_sapling":4,"minecraft:cooked_chicken":8,"minecraft:calcite":104,"minecraft:copper_ingot":36,"minecraft:amethyst_block":44,"minecraft:oak_log":15,"minecraft:grass_block":2,"minecraft:string":2,"minecraft:golden_boots":1,"minecraft:iron_leggings":1,"minecraft:stick":3,"minecraft:deepslate_coal_ore":1,"minecraft:phantom_membrane":4,"minecraft:arrow":1,"minecraft:white_bed":1,"minecraft:wooden_axe":3,"minecraft:spider_eye":2,"minecraft:stone_axe":1,"minecraft:stone_shovel":1,"minecraft:cobblestone":12,"minecraft:iron_helmet":1,"minecraft:iron_chestplate":1,"minecraft:torch":2,"minecraft:bow":1,"minecraft:bucket":1,"minecraft:white_wool":2,"minecraft:dirt":33,"minecraft:leather":65,"minecraft:iron_hoe":2,"minecraft:stone":12,"minecraft:granite":10,"minecraft:birch_log":11,"minecraft:coal":39,"minecraft:wildflowers":13,"minecraft:cobblestone_wall":59,"minecraft:water_bucket":2,"minecraft:stone_slab":96,"minecraft:cooked_beef":19,"minecraft:andesite_stairs":4,"minecraft:leaf_litter":2,"minecraft:wooden_pickaxe":2,"minecraft:beef":1,"minecraft:iron_sword":1,"minecraft:raw_iron":1,"minecraft:crafting_table":1,"minecraft:lapis_lazuli":38},"minecraft:killed_by":{"minecraft:skeleton":1,"minecraft:creeper":1,"minecraft:spider":2},"minecraft:killed":{"minecraft:zombie":73,"minecraft:skeleton":31,"minecraft:phantom":3,"minecraft:creeper":11,"minecraft:chicken":4,"minecraft:enderman":5,"minecraft:sheep":8,"minecraft:pig":5,"minecraft:cow":26,"minecraft:bat":1,"minecraft:wandering_trader":1,"minecraft:spider":16},"minecraft:broken":{"minecraft:stone_shovel":1,"minecraft:golden_leggings":1,"minecraft:iron_axe":3,"minecraft:iron_hoe":2,"minecraft:shield":1,"minecraft:iron_shovel":2,"minecraft:stone_axe":3,"minecraft:iron_pickaxe":4,"minecraft:stone_pickaxe":3}},"DataVersion":4325}