{"stats":{"minecraft:dropped":{"minecraft:leather_chestplate":1,"minecraft:leather_leggings":1,"minecraft:leather_boots":1,"minecraft:cooked_cod":2,"minecraft:tuff":13,"minecraft:bone":8,"minecraft:cobbled_deepslate":16,"minecraft:cooked_salmon":3,"minecraft:salmon":1,"minecraft:crafting_table":2,"minecraft:wheat_seeds":1,"minecraft:diamond":8,"minecraft:stone_axe":1,"minecraft:stone_pickaxe":2},"minecraft:killed":{"minecraft:zombie":18,"minecraft:skeleton":6,"minecraft:phantom":1,"minecraft:creeper":3,"minecraft:witch":1,"minecraft:spider":3},"minecraft:custom":{"minecraft:time_since_rest":29703,"minecraft:leave_game":2,"minecraft:damage_taken":3016,"minecraft:mob_kills":34,"minecraft:time_since_death":29600,"minecraft:interact_with_furnace":265,"minecraft:total_world_time":166593,"minecraft:swim_one_cm":118145,"minecraft:crouch_one_cm":2875,"minecraft:deaths":4,"minecraft:interact_with_stonecutter":1,"minecraft:fish_caught":70,"minecraft:interact_with_crafting_table":54,"minecraft:walk_one_cm":278922,"minecraft:walk_under_water_one_cm":48098,"minecraft:play_time":166593,"minecraft:damage_dealt":6697,"minecraft:jump":1721,"minecraft:drop":20,"minecraft:open_barrel":19,"minecraft:sprint_one_cm":273777,"minecraft:open_chest":207,"minecraft:fall_one_cm":38691,"minecraft:fly_one_cm":239353,"minecraft:interact_with_anvil":2,"minecraft:walk_on_water_one_cm":69899,"minecraft:sneak_time":2068},"minecraft:broken":{"minecraft:wooden_axe":1,"minecraft:fishing_rod":1},"minecraft:used":{"minecraft:stone_axe":42,"minecraft:cobbled_deepslate":9,"minecraft:kelp":51,"minecraft:iron_pickaxe":77,"minecraft:wooden_pickaxe":56,"minecraft:diamond_sword":81,"minecraft:cooked_cod":39,"minecraft:cobblestone":9,"minecraft:acacia_log":2,"minecraft:cooked_beef":2,"minecraft:wooden_axe":42,"minecraft:item_frame":7,"minecraft:crafting_table":1,"minecraft:salmon":1,"minecraft:chest":14,"minecraft:anvil":1,"minecraft:furnace":6,"minecraft:acacia_sapling":6,"minecraft:torch":14,"minecraft:stone_pickaxe":22,"minecraft:dirt":33,"minecraft:fishing_rod":117},"minecraft:killed_by":{"minecraft:skeleton":1,"minecraft:creeper":2,"minecraft:zombie":1},"minecraft:picked_up":{"minecraft:enchanted_book":2,"minecraft:cobblestone":64,"minecraft:fishing_rod":3,"minecraft:sugar_cane":9,"minecraft:redstone":56,"minecraft:bone":14,"minecraft:acacia_sapling":10,"minecraft:stone_pickaxe":5,"minecraft:wooden_axe":2,"minecraft:cod":60,"minecraft:diamond":131,"minecraft:salmon":21,"minecraft:stick":12,"minecraft:leather_chestplate":1,"minecraft:charcoal":12,"minecraft:cooked_salmon":3,"minecraft:bow":1,"minecraft:arrow":10,"minecraft:iron_axe":1,"minecraft:iron_ingot":8,"minecraft:bowl":3,"minecraft:kelp":1928,"minecraft:raw_iron":280,"minecraft:cobbled_deepslate":215,"minecraft:raw_gold":25,"minecraft:stone_axe":1,"minecraft:acacia_log":80,"minecraft:chest":2,"minecraft:gunpowder":2,"minecraft:dirt":33,"minecraft:torch":1,"minecraft:bread":5,"minecraft:tuff":13,"minecraft:phantom_membrane":1,"minecraft:oak_log":7,"minecraft:cooked_cod":2,"minecraft:potato":1,"minecraft:wheat_seeds":4,"minecraft:iron_pickaxe":2,"minecraft:lapis_lazuli":241,"minecraft:leather_leggings":1,"minecraft:diamond_sword":2,"minecraft:wooden_pickaxe":1,"minecraft:pufferfish":7,"minecraft:crafting_table":3,"minecraft:oak_sapling":3,"minecraft:dried_kelp":6,"minecraft:rotten_flesh":16,"minecraft:string":11,"minecraft:music_disc_cat":1,"minecraft:leather_boots":1,"minecraft:iron_nugget":15},"minecraft:crafted":{"minecraft:wooden_axe":1,"minecraft:diamond_boots":2,"minecraft:cooked_salmon":15,"minecraft:stone_pickaxe":2,"minecraft:iron_chestplate":2,"minecraft:iron_boots":1,"minecraft:anvil":1,"minecraft:stick":70,"minecraft:charcoal":67,"minecraft:wooden_pickaxe":1,"minecraft:cooked_beef":8,"minecraft:chest":12,"minecraft:iron_block":4,"minecraft:diamond_chestplate":1,"minecraft:dried_kelp":1792,"minecraft:air":0,"minecraft:acacia_planks":116,"minecraft:furnace":6,"minecraft:item_frame":7,"minecraft:iron_ingot":77,"minecraft:diamond_helmet":2,"minecraft:crafting_table":1,"minecraft:diamond_leggings":1,"minecraft:torch":12,"minecraft:stone_axe":1,"minecraft:cooked_cod":48,"minecraft:dried_kelp_block":201,"minecraft:fishing_rod":3},"minecraft:mined":{"minecraft:tall_grass":1,"minecraft:torch":1,"minecraft:tall_seagrass":33,"minecraft:dirt":6,"minecraft:chest":1,"minecraft:diorite":1,"minecraft:grass_block":7,"minecraft:cobblestone":6,"minecraft:cobbled_deepslate":5,"minecraft:deepslate_gold_ore":7,"minecraft:short_grass":21,"minecraft:tuff":10,"minecraft:kelp":32,"minecraft:deepslate":27,"minecraft:acacia_leaves":8,"minecraft:kelp_plant":310,"minecraft:seagrass":19,"minecraft:deepslate_iron_ore":43,"minecraft:deepslate_redstone_ore":4,"minecraft:oak_log":7,"minecraft:iron_ore":1,"minecraft:acacia_log":42,"minecraft:stone":49}},"DataVersion":4325}