{"stats":{"minecraft:killed_by":{"minecraft:skeleton":1,"minecraft:creeper":1,"minecraft:zombie":1},"minecraft:crafted":{"minecraft:furnace":4,"minecraft:wooden_axe":1,"minecraft:cooked_salmon":3,"minecraft:stone_pickaxe":2,"minecraft:crafting_table":1,"minecraft:stick":12,"minecraft:charcoal":9,"minecraft:wooden_pickaxe":1,"minecraft:chest":4,"minecraft:cooked_cod":28,"minecraft:dried_kelp_block":74,"minecraft:dried_kelp":672,"minecraft:fishing_rod":2,"minecraft:air":0,"minecraft:acacia_planks":72},"minecraft:dropped":{"minecraft:cooked_salmon":3,"minecraft:salmon":1,"minecraft:cooked_cod":2},"minecraft:mined":{"minecraft:tall_grass":1,"minecraft:tall_seagrass":31,"minecraft:dirt":5,"minecraft:grass_block":7,"minecraft:cobblestone":5,"minecraft:short_grass":4,"minecraft:kelp":24,"minecraft:deepslate":2,"minecraft:acacia_leaves":6,"minecraft:kelp_plant":225,"minecraft:seagrass":18,"minecraft:acacia_log":29,"minecraft:stone":39},"minecraft:killed":{"minecraft:zombie":2,"minecraft:phantom":1,"minecraft:witch":1},"minecraft:used":{"minecraft:kelp":43,"minecraft:wooden_pickaxe":46,"minecraft:cooked_cod":6,"minecraft:cobblestone":8,"minecraft:acacia_log":2,"minecraft:wooden_axe":42,"minecraft:crafting_table":1,"minecraft:salmon":1,"minecraft:chest":4,"minecraft:furnace":4,"minecraft:acacia_sapling":3,"minecraft:stone_pickaxe":2,"minecraft:dirt":12,"minecraft:fishing_rod":73},"minecraft:broken":{"minecraft:wooden_axe":1,"minecraft:fishing_rod":1},"minecraft:custom":{"minecraft:time_since_rest":39695,"minecraft:leave_game":1,"minecraft:damage_taken":1095,"minecraft:mob_kills":5,"minecraft:time_since_death":39669,"minecraft:interact_with_furnace":141,"minecraft:total_world_time":69168,"minecraft:swim_one_cm":79580,"minecraft:crouch_one_cm":979,"minecraft:deaths":3,"minecraft:fish_caught":44,"minecraft:interact_with_crafting_table":25,"minecraft:walk_one_cm":58607,"minecraft:walk_under_water_one_cm":16046,"minecraft:play_time":69168,"minecraft:damage_dealt":1153,"minecraft:jump":322,"minecraft:drop":3,"minecraft:open_barrel":3,"minecraft:sprint_one_cm":42135,"minecraft:open_chest":24,"minecraft:fall_one_cm":5950,"minecraft:fly_one_cm":34017,"minecraft:walk_on_water_one_cm":47813,"minecraft:sneak_time":666},"minecraft:picked_up":{"minecraft:salmon":15,"minecraft:dirt":19,"minecraft:wooden_pickaxe":1,"minecraft:stick":9,"minecraft:cobblestone":53,"minecraft:pufferfish":5,"minecraft:charcoal":12,"minecraft:fishing_rod":2,"minecraft:cooked_salmon":3,"minecraft:bow":1,"minecraft:redstone":37,"minecraft:bone":1,"minecraft:dried_kelp":6,"minecraft:bowl":3,"minecraft:kelp":1440,"minecraft:cobbled_deepslate":128,"minecraft:acacia_sapling":9,"minecraft:phantom_membrane":1,"minecraft:stone_pickaxe":3,"minecraft:string":2,"minecraft:wooden_axe":2,"minecraft:cooked_cod":2,"minecraft:cod":42,"minecraft:acacia_log":29}},"DataVersion":4325}