{"stats":{"minecraft:custom":{"minecraft:interact_with_crafting_table":1,"minecraft:time_since_rest":5780,"minecraft:walk_one_cm":17812,"minecraft:leave_game":1,"minecraft:damage_taken":200,"minecraft:damage_dealt":145,"minecraft:play_time":5780,"minecraft:jump":106,"minecraft:time_since_death":5780,"minecraft:interact_with_furnace":8,"minecraft:sprint_one_cm":30620,"minecraft:open_chest":13,"minecraft:fall_one_cm":1975,"minecraft:total_world_time":5780,"minecraft:fly_one_cm":20327,"minecraft:walk_on_water_one_cm":83,"minecraft:crouch_one_cm":44,"minecraft:sneak_time":6},"minecraft:used":{"minecraft:cooked_beef":3,"minecraft:dirt":2},"minecraft:picked_up":{"minecraft:dirt":5,"minecraft:oak_log":5,"minecraft:acacia_log":3,"minecraft:arrow":1},"minecraft:crafted":{"minecraft:cooked_beef":71,"minecraft:air":0},"minecraft:mined":{"minecraft:short_grass":1,"minecraft:oak_leaves":1,"minecraft:dirt":1,"minecraft:oak_log":5,"minecraft:grass_block":3,"minecraft:acacia_log":3}},"DataVersion":4325}