{"stats":{"minecraft:crafted":{"minecraft:bucket":1,"minecraft:furnace":4,"minecraft:stone_shovel":2,"minecraft:iron_ingot":19,"minecraft:stone_pickaxe":11,"minecraft:bread":21,"minecraft:stone":165,"minecraft:crafting_table":1,"minecraft:torch":64,"minecraft:stick":48,"minecraft:stonecutter":1,"minecraft:stone_axe":1,"minecraft:chest":6,"minecraft:dried_kelp_block":4,"minecraft:dried_kelp":44,"minecraft:iron_pickaxe":1,"minecraft:stone_stairs":1,"minecraft:shears":1,"minecraft:air":0,"minecraft:acacia_planks":88},"minecraft:dropped":{"minecraft:redstone":32,"minecraft:string":2,"minecraft:cobbled_deepslate":128},"minecraft:mined":{"minecraft:torch":63,"minecraft:redstone_ore":2,"minecraft:granite":65,"minecraft:chest":1,"minecraft:coal_ore":46,"minecraft:wheat":82,"minecraft:diorite":435,"minecraft:cobblestone":1,"minecraft:sugar_cane":21,"minecraft:gravel":112,"minecraft:short_grass":64,"minecraft:kelp":3,"minecraft:acacia_leaves":4,"minecraft:furnace":6,"minecraft:crafting_table":4,"minecraft:deepslate_redstone_ore":5,"minecraft:glow_lichen":2,"minecraft:tall_grass":6,"minecraft:tall_seagrass":1,"minecraft:dirt":482,"minecraft:andesite":2,"minecraft:grass_block":64,"minecraft:cobbled_deepslate":5,"minecraft:acacia_sapling":2,"minecraft:wall_torch":17,"minecraft:deepslate":520,"minecraft:kelp_plant":3,"minecraft:deepslate_diamond_ore":2,"minecraft:deepslate_iron_ore":9,"minecraft:iron_ore":16,"minecraft:acacia_log":28,"minecraft:stone":572,"minecraft:acacia_planks":1},"minecraft:killed":{"minecraft:skeleton":1,"minecraft:spider":1},"minecraft:used":{"minecraft:stone_axe":45,"minecraft:cobbled_deepslate":43,"minecraft:acacia_planks":6,"minecraft:iron_pickaxe":251,"minecraft:acacia_log":6,"minecraft:wheat_seeds":82,"minecraft:stone_shovel":262,"minecraft:water_bucket":32,"minecraft:furnace":10,"minecraft:acacia_sapling":9,"minecraft:torch":173,"minecraft:dirt":265,"minecraft:cooked_salmon":3,"minecraft:diorite":97,"minecraft:gravel":215,"minecraft:stone_stairs":46,"minecraft:cooked_cod":2,"minecraft:cobblestone":2,"minecraft:stone":72,"minecraft:shears":2,"minecraft:cooked_beef":4,"minecraft:stonecutter":1,"minecraft:bucket":33,"minecraft:crafting_table":5,"minecraft:chest":7,"minecraft:stone_pickaxe":1437},"minecraft:broken":{"minecraft:stone_shovel":2,"minecraft:iron_pickaxe":1,"minecraft:stone_pickaxe":10},"minecraft:custom":{"minecraft:interact_with_crafting_table":24,"minecraft:time_since_rest":169590,"minecraft:walk_one_cm":451187,"minecraft:leave_game":3,"minecraft:walk_under_water_one_cm":33928,"minecraft:damage_taken":604,"minecraft:mob_kills":2,"minecraft:play_time":169590,"minecraft:damage_dealt":593,"minecraft:jump":1171,"minecraft:time_since_death":169590,"minecraft:drop":4,"minecraft:open_barrel":4,"minecraft:interact_with_furnace":92,"minecraft:sprint_one_cm":105249,"minecraft:open_chest":55,"minecraft:fall_one_cm":16397,"minecraft:total_world_time":169590,"minecraft:swim_one_cm":6702,"minecraft:fly_one_cm":110643,"minecraft:walk_on_water_one_cm":40171,"minecraft:crouch_one_cm":1401,"minecraft:sneak_time":2159,"minecraft:interact_with_stonecutter":3},"minecraft:picked_up":{"minecraft:dirt":536,"minecraft:cobblestone":837,"minecraft:flint":24,"minecraft:gravel":317,"minecraft:sugar_cane":32,"minecraft:glow_lichen":2,"minecraft:redstone":32,"minecraft:torch":122,"minecraft:bone":2,"minecraft:acacia_sapling":10,"minecraft:coal":54,"minecraft:cooked_cod":2,"minecraft:furnace":6,"minecraft:diamond":4,"minecraft:wheat_seeds":248,"minecraft:granite":130,"minecraft:diorite":642,"minecraft:stick":2,"minecraft:cooked_beef":4,"minecraft:cooked_salmon":3,"minecraft:crafting_table":4,"minecraft:arrow":1,"minecraft:kelp":27,"minecraft:raw_iron":25,"minecraft:cobbled_deepslate":589,"minecraft:andesite":2,"minecraft:string":2,"minecraft:acacia_log":28,"minecraft:wheat":82,"minecraft:chest":1,"minecraft:acacia_planks":1}},"DataVersion":4325}