{"stats":{"minecraft:dropped":{"minecraft:redstone":32,"minecraft:string":2,"minecraft:cobbled_deepslate":128},"minecraft:killed":{"minecraft:skeleton":1,"minecraft:spider":1},"minecraft:custom":{"minecraft:time_since_rest":74443,"minecraft:leave_game":4,"minecraft:damage_taken":814,"minecraft:mob_kills":2,"minecraft:time_since_death":74297,"minecraft:interact_with_furnace":190,"minecraft:sleep_in_bed":1,"minecraft:swim_one_cm":59074,"minecraft:total_world_time":333136,"minecraft:crouch_one_cm":3360,"minecraft:deaths":1,"minecraft:interact_with_stonecutter":17,"minecraft:interact_with_crafting_table":66,"minecraft:walk_one_cm":1002900,"minecraft:walk_under_water_one_cm":46391,"minecraft:damage_dealt":593,"minecraft:play_time":333136,"minecraft:jump":2317,"minecraft:drop":4,"minecraft:open_barrel":30,"minecraft:sprint_one_cm":317255,"minecraft:open_chest":309,"minecraft:inspect_hopper":2,"minecraft:fall_one_cm":28853,"minecraft:fly_one_cm":311562,"minecraft:walk_on_water_one_cm":49865,"minecraft:sneak_time":3724},"minecraft:broken":{"minecraft:stone_shovel":2,"minecraft:iron_pickaxe":3,"minecraft:stone_pickaxe":16},"minecraft:used":{"minecraft:stone_axe":107,"minecraft:acacia_planks":6,"minecraft:cobbled_deepslate":66,"minecraft:netherrack":9,"minecraft:apple":1,"minecraft:kelp":34,"minecraft:iron_pickaxe":797,"minecraft:polished_deepslate":62,"minecraft:deepslate_brick_slab":244,"minecraft:chiseled_deepslate":1,"minecraft:bamboo":6,"minecraft:wheat_seeds":132,"minecraft:acacia_log":6,"minecraft:stone_hoe":50,"minecraft:stone_shovel":262,"minecraft:deepslate_bricks":290,"minecraft:water_bucket":51,"minecraft:oak_sign":8,"minecraft:glass_pane":72,"minecraft:furnace":14,"minecraft:acacia_sapling":9,"minecraft:bread":8,"minecraft:barrel":2,"minecraft:torch":359,"minecraft:dirt":350,"minecraft:tuff":1,"minecraft:cooked_salmon":3,"minecraft:iron_shovel":101,"minecraft:sand":16,"minecraft:diorite":97,"minecraft:oak_slab":2,"minecraft:gravel":225,"minecraft:deepslate_brick_stairs":30,"minecraft:stone_stairs":73,"minecraft:cooked_cod":2,"minecraft:cobblestone":2,"minecraft:stone":72,"minecraft:shears":2,"minecraft:hopper":3,"minecraft:stonecutter":2,"minecraft:cooked_beef":4,"minecraft:bucket":52,"minecraft:crafting_table":6,"minecraft:chest":19,"minecraft:deepslate_tiles":2,"minecraft:oak_sapling":8,"minecraft:stone_pickaxe":2201},"minecraft:killed_by":{"minecraft:hoglin":1},"minecraft:picked_up":{"minecraft:cobblestone":1112,"minecraft:flint":40,"minecraft:sugar_cane":96,"minecraft:glow_lichen":6,"minecraft:bone":4,"minecraft:redstone":32,"minecraft:deepslate_tiles":39,"minecraft:acacia_sapling":24,"minecraft:water_bucket":2,"minecraft:diamond":6,"minecraft:granite":195,"minecraft:deepslate_brick_slab":8,"minecraft:stick":40,"minecraft:bamboo":180,"minecraft:cooked_salmon":3,"minecraft:arrow":2,"minecraft:iron_ingot":9,"minecraft:kelp":122,"minecraft:raw_iron":33,"minecraft:cobbled_deepslate":1450,"minecraft:raw_gold":7,"minecraft:acacia_log":28,"minecraft:deepslate_bricks":10,"minecraft:wheat":82,"minecraft:chest":10,"minecraft:acacia_planks":19,"minecraft:netherrack":33,"minecraft:dirt":1169,"minecraft:stonecutter":1,"minecraft:gravel":440,"minecraft:torch":287,"minecraft:tuff":90,"minecraft:polished_deepslate":62,"minecraft:coal":54,"minecraft:oak_log":40,"minecraft:stone_stairs":21,"minecraft:cooked_cod":2,"minecraft:sand":192,"minecraft:furnace":12,"minecraft:wheat_seeds":490,"minecraft:deepslate_brick_stairs":2,"minecraft:hopper":1,"minecraft:diorite":1138,"minecraft:cooked_beef":4,"minecraft:crafting_table":5,"minecraft:oak_sapling":13,"minecraft:dried_kelp":16,"minecraft:chiseled_deepslate":2,"minecraft:andesite":20,"minecraft:apple":3,"minecraft:string":2,"minecraft:polished_diorite":68},"minecraft:crafted":{"minecraft:stone_shovel":2,"minecraft:polished_diorite":68,"minecraft:hopper":2,"minecraft:gold_ingot":7,"minecraft:stone_pickaxe":18,"minecraft:glass_pane":128,"minecraft:stick":70,"minecraft:charcoal":11,"minecraft:deepslate_bricks":1,"minecraft:stonecutter":1,"minecraft:oak_slab":6,"minecraft:barrel":2,"minecraft:chest":11,"minecraft:dried_kelp":94,"minecraft:air":0,"minecraft:acacia_planks":88,"minecraft:chiseled_deepslate":1,"minecraft:bucket":1,"minecraft:furnace":4,"minecraft:iron_ingot":33,"minecraft:stone_hoe":1,"minecraft:bread":21,"minecraft:glass":84,"minecraft:oak_sign":9,"minecraft:stone":165,"minecraft:crafting_table":1,"minecraft:torch":92,"minecraft:stone_axe":3,"minecraft:oak_planks":80,"minecraft:dried_kelp_block":11,"minecraft:deepslate_tiles":1,"minecraft:iron_pickaxe":5,"minecraft:stone_stairs":1,"minecraft:shears":1,"minecraft:iron_shovel":1,"minecraft:polished_deepslate":280},"minecraft:mined":{"minecraft:torch":169,"minecraft:redstone_ore":2,"minecraft:chest":10,"minecraft:warped_nylium":3,"minecraft:netherrack":31,"minecraft:gravel":155,"minecraft:short_grass":64,"minecraft:acacia_leaves":4,"minecraft:crafting_table":5,"minecraft:deepslate_redstone_ore":5,"minecraft:deepslate_bricks":10,"minecraft:andesite":18,"minecraft:deepslate_gold_ore":7,"minecraft:bamboo":23,"minecraft:acacia_sapling":6,"minecraft:wall_torch":41,"minecraft:kelp_plant":32,"minecraft:chiseled_deepslate":1,"minecraft:deepslate_diamond_ore":2,"minecraft:deepslate_iron_ore":11,"minecraft:deepslate_tiles":2,"minecraft:iron_ore":22,"minecraft:acacia_log":28,"minecraft:stone":695,"minecraft:deepslate_brick_slab":9,"minecraft:deepslate_brick_stairs":2,"minecraft:granite":65,"minecraft:coal_ore":46,"minecraft:wheat":82,"minecraft:diorite":620,"minecraft:cobblestone":1,"minecraft:sugar_cane":21,"minecraft:kelp":42,"minecraft:oak_leaves":73,"minecraft:furnace":12,"minecraft:polished_deepslate":62,"minecraft:glow_lichen":2,"minecraft:tall_grass":6,"minecraft:tall_seagrass":7,"minecraft:dirt":599,"minecraft:hopper":1,"minecraft:grass_block":64,"minecraft:cobbled_deepslate":14,"minecraft:tuff":90,"minecraft:deepslate":1260,"minecraft:sand":78,"minecraft:seagrass":2,"minecraft:bamboo_sapling":2,"minecraft:stonecutter":1,"minecraft:oak_log":40,"minecraft:stone_stairs":4,"minecraft:acacia_planks":1}},"DataVersion":4325}