{
  "version": 9,
  "detectionMode": "HUD_KNOWN_TAGS",
  "debugMode": "NONE",
  "notifMode": "ALL_SINGLE_SOUND",
  "restyleMode": "ALL_INSTANCES",
  "sendMode": "PACKET",
  "senderDetectionMode": "COMBINED",
  "checkOwnMessages": true,
  "soundSource": "PLAYERS",
  "defaultColor": 16761856,
  "defaultSound": {
    "version": 1,
    "enabled": true,
    "id": "block.note_block.bell",
    "volume": 1.0,
    "pitch": 1.0
  },
  "prefixes": [
    "/shout",
    "/me",
    "!"
  ],
  "notifications": [
    {
      "version": 7,
      "enabled": true,
      "checkOwnMode": "DEFER",
      "inclusionEnabled": true,
      "exclusionEnabled": true,
      "responseEnabled": true,
      "sound": {
        "version": 1,
        "enabled": true,
        "id": "block.note_block.bell",
        "volume": 1.0,
        "pitch": 1.0
      },
      "textStyle": {
        "version": 2,
        "doColor": true,
        "color": 16761856,
        "bold": "DISABLED",
        "italic": "DISABLED",
        "underlined": "DISABLED",
        "strikethrough": "DISABLED",
        "obfuscated": "DISABLED"
      },
      "replacementMsg": "",
      "replacementMsgEnabled": false,
      "statusBarMsg": "",
      "statusBarMsgEnabled": false,
      "titleMsg": "",
      "titleMsgEnabled": false,
      "toastMsg": "",
      "toastMsgEnabled": false,
      "triggers": [
        {
          "version": 4,
          "enabled": true,
          "string": "Profile name",
          "styleTarget": {
            "version": 2,
            "enabled": false,
            "string": "",
            "type": "NORMAL"
          },
          "type": "NORMAL"
        },
        {
          "version": 4,
          "enabled": true,
          "string": "Display name",
          "styleTarget": {
            "version": 2,
            "enabled": false,
            "string": "",
            "type": "NORMAL"
          },
          "type": "NORMAL"
        }
      ],
      "inclusionTriggers": [],
      "exclusionTriggers": [],
      "responseMessages": []
    }
  ]
}