{
	"schema_version": 2,
	"failed_reloads_per_session": 5,
	"default_packs": [
		"file/Better HUD icons-no_hotbar_numbers.zip",
		"file/VanillaTweaks.zip",
		"file/animated-items-1_21_4 - 1_4_2.zip",
		"file/Cloud's Unobtrusive Shields++ [1.18 16x] V3.1.0.zip",
		"file/Lower and Transparent Fire 1.21.5.zip",
		"file/enchant icons 1.21.5 v1.3.zip",
		"file/Potion Icons.zip",
		"file/Improved Brewing Guide.zip",
		"file/GUIdes v.1.1.zip",
		"file/Re-covered.zip",
		"file/Cloud's Clearer Spawners [1.19 16x] V2.2.0.zip",
		"file/\u00A7cDistinct \u00A7dDyes.zip",
		"file/Better Lanterns v1.2 - 1.21.5.zip"
	],
	"default_overrides": {
		"force_compatible": true
	},
	"pack_overrides": {
		"vanilla": {
			"title": "\"Vanilla Assets\"",
			"description": "\"Resource pack from Minecraft\""
		},
		"server": {
			"default_position": "BOTTOM",
			"force_compatible": true,
			"fixed_position": false
		},
		"1": [
			"file/Better HUD icons-no_hotbar_numbers.zip",
			"file/VanillaTweaks.zip",
			"file/animated-items-1_21_4 - 1_4_2.zip",
			"file/Cloud's Unobtrusive Shields++ [1.18 16x] V3.1.0.zip",
			"file/Lower and Transparent Fire 1.21.5.zip",
			"file/enchant icons 1.21.5 v1.3.zip",
			"file/Potion Icons.zip",
			"file/Improved Brewing Guide.zip",
			"file/GUIdes v.1.1.zip",
			"file/Re-covered.zip",
			"file/Cloud's Clearer Spawners [1.19 16x] V2.2.0.zip",
			"file/\u00A7cDistinct \u00A7dDyes.zip",
			"file/Better Lanterns v1.2 - 1.21.5.zip"
		],
		"$$1": {
			"required": true
		}
	}
}
