{
  "minecraft:recipes/redstone/lever": {
    "criteria": {
      "has_cobblestone": "2025-04-18 03:12:01 +0000"
    },
    "done": true
  },
  "minecraft:recipes/redstone/acacia_button": {
    "criteria": {
      "has_planks": "2025-04-18 03:10:42 +0000"
    },
    "done": true
  },
  "minecraft:recipes/building_blocks/polished_deepslate": {
    "criteria": {
      "has_cobbled_deepslate": "2025-04-18 03:32:49 +0000"
    },
    "done": true
  },
  "minecraft:recipes/decorations/ladder": {
    "criteria": {
      "has_stick": "2025-04-18 03:11:27 +0000"
    },
    "done": true
  },
  "blazeandcave:redstone/root": {
    "criteria": {
      "redstone": "2025-04-18 03:32:42 +0000"
    },
    "done": true
  },
  "minecraft:recipes/building_blocks/deepslate_tile_stairs_from_cobbled_deepslate_stonecutting": {
    "criteria": {
      "has_cobbled_deepslate": "2025-04-18 03:32:49 +0000"
    },
    "done": true
  },
  "blazeandcave:monsters/aww_man": {
    "criteria": {
      "creeper": "2025-04-18 03:31:26 +0000"
    },
    "done": true
  },
  "blazeandcave:bacap/redstone_milestone": {
    "criteria": {
      "root": "2025-04-18 03:32:42 +0000"
    },
    "done": false
  },
  "minecraft:recipes/food/dried_kelp_from_smelting": {
    "criteria": {
      "has_kelp": "2025-04-18 03:23:01 +0000"
    },
    "done": true
  },
  "blazeandcave:bacap/statistics_milestone": {
    "criteria": {
      "root": "2025-04-18 03:13:21 +0000",
      "the_first_night": "2025-04-18 03:13:20 +0000"
    },
    "done": false
  },
  "blazeandcave:enchanting/master_enchanter": {
    "criteria": {
      "unbreaking": "2025-04-18 03:57:29 +0000"
    },
    "done": false
  },
  "minecraft:recipes/redstone/acacia_pressure_plate": {
    "criteria": {
      "has_planks": "2025-04-18 03:10:42 +0000"
    },
    "done": true
  },
  "blazeandcave:biomes/warm_feet": {
    "criteria": {
      "savanna": "2025-04-18 03:06:54 +0000"
    },
    "done": false
  },
  "blazeandcave:mining/renewable_energy": {
    "criteria": {
      "charcoal": "2025-04-18 03:19:17 +0000"
    },
    "done": true
  },
  "minecraft:recipes/building_blocks/deepslate_brick_stairs_from_cobbled_deepslate_stonecutting": {
    "criteria": {
      "has_cobbled_deepslate": "2025-04-18 03:32:49 +0000"
    },
    "done": true
  },
  "minecraft:recipes/combat/stone_sword": {
    "criteria": {
      "has_cobblestone": "2025-04-18 03:12:01 +0000"
    },
    "done": true
  },
  "minecraft:recipes/decorations/cobblestone_wall": {
    "criteria": {
      "has_cobblestone": "2025-04-18 03:12:01 +0000"
    },
    "done": true
  },
  "blazeandcave:biomes/the_sea_calls_you": {
    "criteria": {
      "ocean": "2025-04-18 03:12:51 +0000"
    },
    "done": true
  },
  "blazeandcave:challenges/stack_all_the_items": {
    "criteria": {
      "wooden_axe": "2025-04-18 03:10:58 +0000",
      "fishing_rod": "2025-04-18 03:14:44 +0000",
      "wooden_pickaxe": "2025-04-18 03:10:55 +0000",
      "dried_kelp": "2025-04-18 03:44:17 +0000",
      "bow": "2025-04-18 03:54:23 +0000",
      "kelp": "2025-04-18 03:23:40 +0000",
      "stone_pickaxe": "2025-04-18 03:12:25 +0000"
    },
    "done": false
  },
  "minecraft:husbandry/fishy_business": {
    "criteria": {
      "cod": "2025-04-18 03:16:53 +0000"
    },
    "done": true
  },
  "minecraft:recipes/food/dried_kelp_from_campfire_cooking": {
    "criteria": {
      "has_kelp": "2025-04-18 03:23:01 +0000"
    },
    "done": true
  },
  "minecraft:recipes/food/cooked_cod_from_smoking": {
    "criteria": {
      "has_cod": "2025-04-18 03:16:53 +0000"
    },
    "done": true
  },
  "minecraft:recipes/tools/stone_axe": {
    "criteria": {
      "has_cobblestone": "2025-04-18 03:12:01 +0000"
    },
    "done": true
  },
  "blazeandcave:technical/stat_branch2_mid": {
    "criteria": {
      "root": "2025-04-18 03:13:21 +0000"
    },
    "done": true
  },
  "blazeandcave:weaponry/viking": {
    "criteria": {
      "axe": "2025-04-18 03:30:57 +0000"
    },
    "done": true
  },
  "blazeandcave:building/the_acacia_king": {
    "criteria": {
      "acacia_log": "2025-04-18 03:09:31 +0000",
      "acacia_planks": "2025-04-18 03:10:42 +0000"
    },
    "done": false
  },
  "blazeandcave:technical/bacap_branch_end": {
    "criteria": {
      "crafting_table": "2025-04-18 03:17:48 +0000"
    },
    "done": true
  },
  "blazeandcave:animal/delicious_fish": {
    "criteria": {
      "cooked_cod": "2025-04-18 03:20:45 +0000"
    },
    "done": true
  },
  "minecraft:recipes/combat/bow": {
    "criteria": {
      "has_string": "2025-04-18 03:14:28 +0000"
    },
    "done": true
  },
  "minecraft:recipes/building_blocks/acacia_slab": {
    "criteria": {
      "has_planks": "2025-04-18 03:10:42 +0000"
    },
    "done": true
  },
  "minecraft:story/mine_stone": {
    "criteria": {
      "cobblestone": "2025-04-18 03:12:01 +0000"
    },
    "done": true
  },
  "minecraft:recipes/decorations/furnace": {
    "criteria": {
      "has_cobblestone": "2025-04-18 03:12:01 +0000"
    },
    "done": true
  },
  "blazeandcave:technical/stat_branch4_mid": {
    "criteria": {
      "root": "2025-04-18 03:13:21 +0000"
    },
    "done": true
  },
  "minecraft:recipes/redstone/redstone_torch": {
    "criteria": {
      "has_redstone": "2025-04-18 03:32:42 +0000"
    },
    "done": true
  },
  "blazeandcave:adventure/raidin_master": {
    "criteria": {
      "ruined_portal": "2025-04-18 03:46:40 +0000"
    },
    "done": false
  },
  "minecraft:recipes/tools/clock": {
    "criteria": {
      "has_redstone": "2025-04-18 03:32:42 +0000"
    },
    "done": true
  },
  "blazeandcave:bacap/advancement_legend": {
    "criteria": {
      "dead_dont_die": "2025-04-18 03:08:16 +0000",
      "benchmarking": "2025-04-18 03:17:48 +0000",
      "lichen_subscribe": "2025-04-18 03:20:22 +0000",
      "bacap_root": "2025-04-18 03:06:55 +0000",
      "half_heart_life": "2025-04-18 03:35:40 +0000",
      "hot_topic": "2025-04-18 03:18:00 +0000",
      "treasure_hunter": "2025-04-18 03:54:23 +0000",
      "the_first_night": "2025-04-18 03:13:20 +0000",
      "deep_slate_nine": "2025-04-18 03:12:51 +0000",
      "fishy_business": "2025-04-18 03:16:53 +0000",
      "aquatic_biofuel": "2025-04-18 03:25:29 +0000",
      "seeing_red": "2025-04-18 03:32:42 +0000",
      "mining_root": "2025-04-18 03:10:55 +0000",
      "redstone_root": "2025-04-18 03:32:42 +0000",
      "building_root": "2025-04-18 03:17:48 +0000",
      "heart_of_darkness": "2025-04-18 03:23:25 +0000",
      "aww_man": "2025-04-18 03:31:27 +0000",
      "the_sea_calls_you": "2025-04-18 03:12:52 +0000",
      "time_to_chop": "2025-04-18 03:10:58 +0000",
      "the_phantom_menace": "2025-04-18 03:33:39 +0000",
      "spooky_skeleton": "2025-04-18 03:31:27 +0000",
      "viking": "2025-04-18 03:30:57 +0000",
      "delicious_fish": "2025-04-18 03:20:46 +0000",
      "kelp_me": "2025-04-18 03:23:01 +0000",
      "animal_root": "2025-04-18 03:18:26 +0000",
      "care_for_the_environment": "2025-04-18 03:10:23 +0000",
      "monster_hunter": "2025-04-18 03:08:16 +0000",
      "statistics_root": "2025-04-18 03:13:21 +0000",
      "time_to_mine": "2025-04-18 03:10:55 +0000",
      "adventure_root": "2025-04-18 03:08:16 +0000",
      "stone_age": "2025-04-18 03:12:02 +0000",
      "aww_it_broke": "2025-04-18 03:46:30 +0000",
      "stationary_storage": "2025-04-18 03:47:07 +0000",
      "getting_wood": "2025-04-18 03:09:32 +0000",
      "biomes_root": "2025-04-18 03:08:16 +0000",
      "what_a_piece_of_junk": "2025-04-18 03:26:59 +0000",
      "just_keep_swimming": "2025-04-18 03:16:01 +0000",
      "renewable_energy": "2025-04-18 03:19:17 +0000",
      "witch": "2025-04-18 03:34:34 +0000",
      "indiana_jones": "2025-04-18 03:34:18 +0000",
      "dolphin_dasher": "2025-04-18 03:22:56 +0000",
      "salmonella_poisoning": "2025-04-18 03:18:26 +0000",
      "getting_an_upgrade": "2025-04-18 03:12:26 +0000",
      "now_youre_thinking_with_portals": "2025-04-18 03:46:41 +0000"
    },
    "done": false
  },
  "blazeandcave:bacap/farming_milestone": {
    "criteria": {
      "kelp_me": "2025-04-18 03:23:01 +0000",
      "care_for_the_environment": "2025-04-18 03:10:23 +0000",
      "aquatic_biofuel": "2025-04-18 03:25:29 +0000"
    },
    "done": false
  },
  "minecraft:recipes/tools/wooden_axe": {
    "criteria": {
      "has_the_recipe": "2025-04-18 03:10:57 +0000"
    },
    "done": true
  },
  "blazeandcave:technical/stat_branch6_mid": {
    "criteria": {
      "root": "2025-04-18 03:13:21 +0000"
    },
    "done": true
  },
  "minecraft:recipes/redstone/acacia_trapdoor": {
    "criteria": {
      "has_planks": "2025-04-18 03:10:42 +0000"
    },
    "done": true
  },
  "minecraft:recipes/food/cooked_salmon": {
    "criteria": {
      "has_salmon": "2025-04-18 03:17:18 +0000"
    },
    "done": true
  },
  "blazeandcave:biomes/dolphin_dasher": {
    "criteria": {
      "dolphins_grace": "2025-04-18 03:22:55 +0000"
    },
    "done": true
  },
  "blazeandcave:mining/heart_of_darkness": {
    "criteria": {
      "enter_cave": "2025-04-18 03:23:24 +0000"
    },
    "done": true
  },
  "blazeandcave:animal/totally_not_an_afk_fisher": {
    "criteria": {
      "fishing_rod": "2025-04-18 03:57:29 +0000",
      "pufferfish": "2025-04-18 03:26:09 +0000",
      "salmon": "2025-04-18 03:17:18 +0000",
      "cod": "2025-04-18 03:16:53 +0000",
      "bone": "2025-04-18 04:01:46 +0000",
      "bow": "2025-04-18 03:54:23 +0000",
      "bowl": "2025-04-18 03:26:59 +0000"
    },
    "done": false
  },
  "blazeandcave:farming/kelp_me": {
    "criteria": {
      "kelp": "2025-04-18 03:23:01 +0000"
    },
    "done": true
  },
  "minecraft:recipes/tools/fishing_rod": {
    "criteria": {
      "has_string": "2025-04-18 03:14:28 +0000"
    },
    "done": true
  },
  "minecraft:recipes/decorations/smoker": {
    "criteria": {
      "has_furnace": "2025-04-18 03:17:59 +0000"
    },
    "done": true
  },
  "minecraft:recipes/building_blocks/chiseled_deepslate_from_cobbled_deepslate_stonecutting": {
    "criteria": {
      "has_cobbled_deepslate": "2025-04-18 03:32:49 +0000"
    },
    "done": true
  },
  "minecraft:recipes/decorations/crafting_table": {
    "criteria": {
      "unlock_right_away": "2025-04-18 03:06:53 +0000"
    },
    "done": true
  },
  "minecraft:recipes/decorations/chest": {
    "criteria": {
      "has_lots_of_items": "2025-04-18 03:14:28 +0000"
    },
    "done": true
  },
  "minecraft:recipes/building_blocks/cobbled_deepslate_slab": {
    "criteria": {
      "has_cobbled_deepslate": "2025-04-18 03:32:49 +0000"
    },
    "done": true
  },
  "minecraft:recipes/misc/stick": {
    "criteria": {
      "has_planks": "2025-04-18 03:10:42 +0000"
    },
    "done": true
  },
  "blazeandcave:building/stationary_storage": {
    "criteria": {
      "chest": "2025-04-18 03:47:07 +0000"
    },
    "done": true
  },
  "blazeandcave:weaponry/axeman": {
    "criteria": {
      "wooden_axe": "2025-04-18 03:30:57 +0000"
    },
    "done": false
  },
  "blazeandcave:technical/stat_branch8_mid": {
    "criteria": {
      "root": "2025-04-18 03:13:21 +0000"
    },
    "done": true
  },
  "minecraft:recipes/decorations/cobbled_deepslate_wall_from_cobbled_deepslate_stonecutting": {
    "criteria": {
      "has_cobbled_deepslate": "2025-04-18 03:32:49 +0000"
    },
    "done": true
  },
  "blazeandcave:challenges/all_the_blocks": {
    "criteria": {
      "chest": "2025-04-18 03:47:04 +0000",
      "furnace": "2025-04-18 03:17:59 +0000",
      "cobblestone": "2025-04-18 03:12:01 +0000",
      "crafting_table": "2025-04-18 03:17:48 +0000",
      "acacia_log": "2025-04-18 03:09:31 +0000",
      "acacia_sapling": "2025-04-18 03:09:26 +0000",
      "dirt": "2025-04-18 03:16:14 +0000",
      "dried_kelp_block": "2025-04-18 03:25:29 +0000",
      "cobbled_deepslate": "2025-04-18 03:32:49 +0000",
      "acacia_planks": "2025-04-18 03:10:42 +0000"
    },
    "done": false
  },
  "blazeandcave:mining/deep_slate_nine": {
    "criteria": {
      "deepslate_level": "2025-04-18 03:12:50 +0000"
    },
    "done": true
  },
  "minecraft:recipes/building_blocks/cobblestone_slab_from_cobblestone_stonecutting": {
    "criteria": {
      "has_cobblestone": "2025-04-18 03:12:01 +0000"
    },
    "done": true
  },
  "blazeandcave:weaponry/multiclassed": {
    "criteria": {
      "fishing_rod": "2025-04-18 03:16:53 +0000",
      "pickaxe": "2025-04-18 03:31:20 +0000",
      "axe": "2025-04-18 03:30:57 +0000"
    },
    "done": false
  },
  "blazeandcave:bacap/time_to_mine": {
    "criteria": {
      "wooden_pickaxe": "2025-04-18 03:10:55 +0000"
    },
    "done": true
  },
  "minecraft:recipes/transportation/cherry_boat": {
    "criteria": {
      "in_water": "2025-04-18 03:16:00 +0000"
    },
    "done": true
  },
  "minecraft:adventure/kill_all_mobs": {
    "criteria": {
      "minecraft:skeleton": "2025-04-18 03:31:26 +0000",
      "minecraft:phantom": "2025-04-18 03:32:17 +0000",
      "minecraft:witch": "2025-04-18 03:34:34 +0000",
      "minecraft:zombie": "2025-04-18 03:08:15 +0000"
    },
    "done": false
  },
  "blazeandcave:adventure/now_youre_thinking_with_portals": {
    "criteria": {
      "ruined_portal": "2025-04-18 03:46:40 +0000"
    },
    "done": true
  },
  "blazeandcave:building/root": {
    "criteria": {
      "crafting_table": "2025-04-18 03:17:48 +0000"
    },
    "done": true
  },
  "blazeandcave:bacap/biomes_milestone": {
    "criteria": {
      "just_keep_swimming": "2025-04-18 03:16:01 +0000",
      "root": "2025-04-18 03:08:16 +0000",
      "the_sea_calls_you": "2025-04-18 03:12:52 +0000",
      "dolphin_dasher": "2025-04-18 03:22:56 +0000"
    },
    "done": false
  },
  "minecraft:recipes/redstone/tripwire_hook": {
    "criteria": {
      "has_string": "2025-04-18 03:14:28 +0000"
    },
    "done": true
  },
  "minecraft:recipes/misc/bone_meal": {
    "criteria": {
      "has_bone": "2025-04-18 04:01:46 +0000"
    },
    "done": true
  },
  "minecraft:recipes/decorations/cobbled_deepslate_wall": {
    "criteria": {
      "has_cobbled_deepslate": "2025-04-18 03:32:49 +0000"
    },
    "done": true
  },
  "minecraft:recipes/decorations/polished_deepslate_wall_from_cobbled_deepslate_stonecutting": {
    "criteria": {
      "has_cobbled_deepslate": "2025-04-18 03:32:49 +0000"
    },
    "done": true
  },
  "minecraft:recipes/building_blocks/stone": {
    "criteria": {
      "has_cobblestone": "2025-04-18 03:12:01 +0000"
    },
    "done": true
  },
  "minecraft:recipes/transportation/bamboo_raft": {
    "criteria": {
      "in_water": "2025-04-18 03:16:00 +0000"
    },
    "done": true
  },
  "blazeandcave:building/deepslate_conspiracy": {
    "criteria": {
      "cobbled_deepslate": "2025-04-18 03:32:49 +0000"
    },
    "done": false
  },
  "minecraft:recipes/building_blocks/acacia_stairs": {
    "criteria": {
      "has_planks": "2025-04-18 03:10:42 +0000"
    },
    "done": true
  },
  "blazeandcave:bacap/time_to_chop": {
    "criteria": {
      "wooden_axe": "2025-04-18 03:10:58 +0000"
    },
    "done": true
  },
  "minecraft:recipes/decorations/candle": {
    "criteria": {
      "has_string": "2025-04-18 03:14:28 +0000"
    },
    "done": true
  },
  "minecraft:recipes/transportation/spruce_boat": {
    "criteria": {
      "in_water": "2025-04-18 03:16:00 +0000"
    },
    "done": true
  },
  "minecraft:recipes/redstone/note_block": {
    "criteria": {
      "has_redstone": "2025-04-18 03:32:42 +0000"
    },
    "done": true
  },
  "blazeandcave:challenges/explorer_of_worlds": {
    "criteria": {
      "lukewarm_ocean": "2025-04-18 03:12:51 +0000",
      "savanna": "2025-04-18 03:06:54 +0000"
    },
    "done": false
  },
  "blazeandcave:farming/a_gluttonous_diet": {
    "criteria": {
      "dried_kelp": "2025-04-18 03:44:17 +0000"
    },
    "done": false
  },
  "blazeandcave:redstone/engineer": {
    "criteria": {
      "chest": "2025-04-18 03:47:04 +0000",
      "furnace": "2025-04-18 03:17:59 +0000",
      "string": "2025-04-18 03:14:28 +0000",
      "redstone": "2025-04-18 03:32:42 +0000"
    },
    "done": false
  },
  "minecraft:recipes/redstone/target": {
    "criteria": {
      "has_redstone": "2025-04-18 03:32:42 +0000"
    },
    "done": true
  },
  "minecraft:husbandry/root": {
    "criteria": {
      "consumed_item": "2025-04-18 03:18:26 +0000"
    },
    "done": true
  },
  "minecraft:recipes/transportation/birch_boat": {
    "criteria": {
      "in_water": "2025-04-18 03:16:00 +0000"
    },
    "done": true
  },
  "minecraft:recipes/building_blocks/cobbled_deepslate_stairs_from_cobbled_deepslate_stonecutting": {
    "criteria": {
      "has_cobbled_deepslate": "2025-04-18 03:32:49 +0000"
    },
    "done": true
  },
  "minecraft:recipes/redstone/acacia_door": {
    "criteria": {
      "has_planks": "2025-04-18 03:10:42 +0000"
    },
    "done": true
  },
  "blazeandcave:statistics/the_first_night": {
    "criteria": {
      "trigger": "2025-04-18 03:13:20 +0000"
    },
    "done": true
  },
  "minecraft:recipes/building_blocks/deepslate": {
    "criteria": {
      "has_cobbled_deepslate": "2025-04-18 03:32:49 +0000"
    },
    "done": true
  },
  "minecraft:recipes/transportation/oak_boat": {
    "criteria": {
      "in_water": "2025-04-18 03:16:00 +0000"
    },
    "done": true
  },
  "blazeandcave:building/rock_collection": {
    "criteria": {
      "cobblestone": "2025-04-18 03:12:01 +0000",
      "cobbled_deepslate": "2025-04-18 03:32:49 +0000"
    },
    "done": false
  },
  "minecraft:recipes/redstone/acacia_fence_gate": {
    "criteria": {
      "has_planks": "2025-04-18 03:10:42 +0000"
    },
    "done": true
  },
  "blazeandcave:enchanting/complete_enchanter": {
    "criteria": {
      "unbreaking": "2025-04-18 03:57:29 +0000",
      "power": "2025-04-18 03:54:23 +0000",
      "lure": "2025-04-18 03:57:29 +0000"
    },
    "done": false
  },
  "minecraft:recipes/building_blocks/polished_deepslate_stairs_from_cobbled_deepslate_stonecutting": {
    "criteria": {
      "has_cobbled_deepslate": "2025-04-18 03:32:49 +0000"
    },
    "done": true
  },
  "blazeandcave:challenges/ultimate_enchanter": {
    "criteria": {
      "unbreaking3": "2025-04-18 03:57:29 +0000",
      "power4": "2025-04-18 03:54:23 +0000",
      "lure2": "2025-04-18 03:57:29 +0000"
    },
    "done": false
  },
  "minecraft:recipes/tools/compass": {
    "criteria": {
      "has_redstone": "2025-04-18 03:32:42 +0000"
    },
    "done": true
  },
  "blazeandcave:bacap/weaponry_milestone": {
    "criteria": {
      "half_heart_life": "2025-04-18 03:35:40 +0000",
      "indiana_jones": "2025-04-18 03:34:18 +0000",
      "viking": "2025-04-18 03:30:57 +0000"
    },
    "done": false
  },
  "blazeandcave:technical/stat_branch1_mid": {
    "criteria": {
      "root": "2025-04-18 03:13:21 +0000"
    },
    "done": true
  },
  "minecraft:recipes/transportation/mangrove_boat": {
    "criteria": {
      "in_water": "2025-04-18 03:16:00 +0000"
    },
    "done": true
  },
  "minecraft:recipes/decorations/torch": {
    "criteria": {
      "has_stone_pickaxe": "2025-04-18 03:12:25 +0000"
    },
    "done": true
  },
  "blazeandcave:monsters/spooky_skeleton": {
    "criteria": {
      "skeleton": "2025-04-18 03:31:26 +0000"
    },
    "done": true
  },
  "minecraft:recipes/food/dried_kelp_from_smoking": {
    "criteria": {
      "has_kelp": "2025-04-18 03:23:01 +0000"
    },
    "done": true
  },
  "minecraft:recipes/decorations/deepslate_brick_wall_from_cobbled_deepslate_stonecutting": {
    "criteria": {
      "has_cobbled_deepslate": "2025-04-18 03:32:49 +0000"
    },
    "done": true
  },
  "blazeandcave:animal/salmonella_poisoning": {
    "criteria": {
      "salmon": "2025-04-18 03:18:26 +0000"
    },
    "done": true
  },
  "minecraft:recipes/building_blocks/polished_deepslate_from_cobbled_deepslate_stonecutting": {
    "criteria": {
      "has_cobbled_deepslate": "2025-04-18 03:32:49 +0000"
    },
    "done": true
  },
  "minecraft:recipes/building_blocks/polished_deepslate_slab_from_cobbled_deepslate_stonecutting": {
    "criteria": {
      "has_cobbled_deepslate": "2025-04-18 03:32:49 +0000"
    },
    "done": true
  },
  "blazeandcave:building/yay_i_got_my_wood": {
    "criteria": {
      "acacia_log": "2025-04-18 03:09:31 +0000"
    },
    "done": false
  },
  "blazeandcave:monsters/witch": {
    "criteria": {
      "witch": "2025-04-18 03:34:34 +0000"
    },
    "done": true
  },
  "blazeandcave:bacap/root": {
    "criteria": {
      "location": "2025-04-18 03:06:54 +0000"
    },
    "done": true
  },
  "minecraft:recipes/food/cooked_salmon_from_smoking": {
    "criteria": {
      "has_salmon": "2025-04-18 03:17:18 +0000"
    },
    "done": true
  },
  "blazeandcave:statistics/root": {
    "criteria": {
      "the_first_night": "2025-04-18 03:13:20 +0000"
    },
    "done": true
  },
  "blazeandcave:bacap/mining_milestone": {
    "criteria": {
      "seeing_red": "2025-04-18 03:32:42 +0000",
      "lichen_subscribe": "2025-04-18 03:20:22 +0000",
      "root": "2025-04-18 03:10:55 +0000",
      "hot_topic": "2025-04-18 03:18:00 +0000",
      "heart_of_darkness": "2025-04-18 03:23:25 +0000",
      "renewable_energy": "2025-04-18 03:19:17 +0000",
      "deep_slate_nine": "2025-04-18 03:12:51 +0000",
      "getting_an_upgrade": "2025-04-18 03:12:26 +0000",
      "stone_age": "2025-04-18 03:12:02 +0000",
      "aww_it_broke": "2025-04-18 03:46:30 +0000"
    },
    "done": false
  },
  "blazeandcave:mining/lichen_subscribe": {
    "criteria": {
      "glow_lichen": "2025-04-18 03:20:21 +0000"
    },
    "done": true
  },
  "blazeandcave:technical/stat_branch3_mid": {
    "criteria": {
      "root": "2025-04-18 03:13:21 +0000"
    },
    "done": true
  },
  "blazeandcave:mining/root": {
    "criteria": {
      "pickaxe": "2025-04-18 03:10:55 +0000"
    },
    "done": true
  },
  "blazeandcave:biomes/root": {
    "criteria": {
      "killed_something": "2025-04-18 03:08:15 +0000"
    },
    "done": true
  },
  "minecraft:recipes/tools/stone_pickaxe": {
    "criteria": {
      "has_cobblestone": "2025-04-18 03:12:01 +0000"
    },
    "done": true
  },
  "minecraft:recipes/building_blocks/deepslate_brick_slab_from_cobbled_deepslate_stonecutting": {
    "criteria": {
      "has_cobbled_deepslate": "2025-04-18 03:32:49 +0000"
    },
    "done": true
  },
  "minecraft:recipes/building_blocks/dried_kelp_block": {
    "criteria": {
      "has_dried_kelp": "2025-04-18 03:25:18 +0000"
    },
    "done": true
  },
  "minecraft:recipes/decorations/acacia_sign": {
    "criteria": {
      "has_planks": "2025-04-18 03:10:42 +0000"
    },
    "done": true
  },
  "minecraft:recipes/building_blocks/cobbled_deepslate_slab_from_cobbled_deepslate_stonecutting": {
    "criteria": {
      "has_cobbled_deepslate": "2025-04-18 03:32:49 +0000"
    },
    "done": true
  },
  "blazeandcave:monsters/dead_dont_die": {
    "criteria": {
      "zombie": "2025-04-18 03:08:15 +0000"
    },
    "done": true
  },
  "blazeandcave:biomes/just_keep_swimming": {
    "criteria": {
      "enter_water": "2025-04-18 03:16:00 +0000"
    },
    "done": true
  },
  "blazeandcave:farming/care_for_the_environment": {
    "criteria": {
      "acacia_sapling": "2025-04-18 03:10:22 +0000"
    },
    "done": true
  },
  "minecraft:recipes/decorations/campfire": {
    "criteria": {
      "has_stick": "2025-04-18 03:11:27 +0000"
    },
    "done": true
  },
  "minecraft:recipes/building_blocks/deepslate_tile_slab_from_cobbled_deepslate_stonecutting": {
    "criteria": {
      "has_cobbled_deepslate": "2025-04-18 03:32:49 +0000"
    },
    "done": true
  },
  "blazeandcave:technical/stat_branch5_mid": {
    "criteria": {
      "root": "2025-04-18 03:13:21 +0000"
    },
    "done": true
  },
  "minecraft:recipes/tools/wooden_hoe": {
    "criteria": {
      "has_stick": "2025-04-18 03:11:27 +0000"
    },
    "done": true
  },
  "minecraft:recipes/misc/charcoal": {
    "criteria": {
      "has_log": "2025-04-18 03:09:31 +0000"
    },
    "done": true
  },
  "minecraft:recipes/tools/wooden_pickaxe": {
    "criteria": {
      "has_the_recipe": "2025-04-18 03:10:54 +0000"
    },
    "done": true
  },
  "minecraft:recipes/building_blocks/cobbled_deepslate_stairs": {
    "criteria": {
      "has_cobbled_deepslate": "2025-04-18 03:32:49 +0000"
    },
    "done": true
  },
  "minecraft:recipes/food/cooked_salmon_from_campfire_cooking": {
    "criteria": {
      "has_salmon": "2025-04-18 03:17:18 +0000"
    },
    "done": true
  },
  "minecraft:story/upgrade_tools": {
    "criteria": {
      "stone_pickaxe": "2025-04-18 03:12:25 +0000"
    },
    "done": true
  },
  "blazeandcave:challenges/all_the_items": {
    "criteria": {
      "fishing_rod": "2025-04-18 03:14:44 +0000",
      "pufferfish": "2025-04-18 03:26:09 +0000",
      "string": "2025-04-18 03:14:28 +0000",
      "wooden_pickaxe": "2025-04-18 03:10:55 +0000",
      "phantom_membrane": "2025-04-18 03:32:19 +0000",
      "dried_kelp": "2025-04-18 03:25:18 +0000",
      "salmon": "2025-04-18 03:17:18 +0000",
      "bone": "2025-04-18 04:01:46 +0000",
      "bow": "2025-04-18 03:54:23 +0000",
      "kelp": "2025-04-18 03:23:01 +0000",
      "bowl": "2025-04-18 03:26:59 +0000",
      "wooden_axe": "2025-04-18 03:10:58 +0000",
      "cooked_cod": "2025-04-18 03:19:27 +0000",
      "cod": "2025-04-18 03:16:53 +0000",
      "stick": "2025-04-18 03:11:27 +0000",
      "charcoal": "2025-04-18 03:19:19 +0000",
      "cooked_salmon": "2025-04-18 03:21:35 +0000",
      "stone_pickaxe": "2025-04-18 03:12:25 +0000",
      "redstone": "2025-04-18 03:32:42 +0000"
    },
    "done": false
  },
  "blazeandcave:monsters/night_runner": {
    "criteria": {
      "phantom": "2025-04-18 03:32:17 +0000",
      "skeleton": "2025-04-18 03:31:26 +0000",
      "zombie": "2025-04-18 03:08:15 +0000",
      "witch": "2025-04-18 03:34:34 +0000"
    },
    "done": false
  },
  "minecraft:recipes/redstone/dropper": {
    "criteria": {
      "has_redstone": "2025-04-18 03:32:42 +0000"
    },
    "done": true
  },
  "blazeandcave:weaponry/indiana_jones": {
    "criteria": {
      "indiana_jones": "2025-04-18 03:34:17 +0000"
    },
    "done": true
  },
  "blazeandcave:bacap/monsters_milestone": {
    "criteria": {
      "dead_dont_die": "2025-04-18 03:08:16 +0000",
      "witch": "2025-04-18 03:34:34 +0000",
      "aww_man": "2025-04-18 03:31:27 +0000",
      "monster_hunter": "2025-04-18 03:08:16 +0000",
      "the_phantom_menace": "2025-04-18 03:33:39 +0000",
      "spooky_skeleton": "2025-04-18 03:31:27 +0000"
    },
    "done": false
  },
  "blazeandcave:monsters/the_phantom_menace": {
    "criteria": {
      "phantom": "2025-04-18 03:33:39 +0000"
    },
    "done": true
  },
  "blazeandcave:technical/fail_dragon_vs": {
    "criteria": {
      "enter_water": "2025-04-18 03:16:00 +0000"
    },
    "done": true
  },
  "blazeandcave:mining/moar_broken_tools": {
    "criteria": {
      "wooden_axe": "2025-04-18 03:46:30 +0000",
      "fishing_rod": "2025-04-18 04:02:19 +0000"
    },
    "done": false
  },
  "blazeandcave:bacap/building_milestone": {
    "criteria": {
      "stationary_storage": "2025-04-18 03:47:07 +0000",
      "root": "2025-04-18 03:17:48 +0000"
    },
    "done": false
  },
  "blazeandcave:technical/stat_branch7_mid": {
    "criteria": {
      "root": "2025-04-18 03:13:21 +0000"
    },
    "done": true
  },
  "blazeandcave:farming/ecologist": {
    "criteria": {
      "acacia_sapling": "2025-04-18 03:10:22 +0000"
    },
    "done": false
  },
  "blazeandcave:animal/treasure_hunter": {
    "criteria": {
      "bow": "2025-04-18 03:54:23 +0000"
    },
    "done": true
  },
  "blazeandcave:farming/aquatic_biofuel": {
    "criteria": {
      "dried_kelp_block": "2025-04-18 03:25:29 +0000"
    },
    "done": true
  },
  "minecraft:recipes/tools/wooden_shovel": {
    "criteria": {
      "has_stick": "2025-04-18 03:11:27 +0000"
    },
    "done": true
  },
  "blazeandcave:mining/seeing_red": {
    "criteria": {
      "redstone": "2025-04-18 03:32:42 +0000"
    },
    "done": true
  },
  "minecraft:recipes/redstone/dispenser": {
    "criteria": {
      "has_bow": "2025-04-18 03:54:23 +0000"
    },
    "done": true
  },
  "minecraft:recipes/building_blocks/cobblestone_slab": {
    "criteria": {
      "has_cobblestone": "2025-04-18 03:12:01 +0000"
    },
    "done": true
  },
  "minecraft:recipes/decorations/acacia_fence": {
    "criteria": {
      "has_planks": "2025-04-18 03:10:42 +0000"
    },
    "done": true
  },
  "blazeandcave:mining/hot_topic": {
    "criteria": {
      "furnace": "2025-04-18 03:17:59 +0000"
    },
    "done": true
  },
  "minecraft:recipes/transportation/acacia_boat": {
    "criteria": {
      "in_water": "2025-04-18 03:16:00 +0000"
    },
    "done": true
  },
  "minecraft:adventure/root": {
    "criteria": {
      "killed_something": "2025-04-18 03:08:15 +0000"
    },
    "done": true
  },
  "minecraft:recipes/building_blocks/white_wool_from_string": {
    "criteria": {
      "has_string": "2025-04-18 03:14:28 +0000"
    },
    "done": true
  },
  "minecraft:recipes/redstone/redstone_block": {
    "criteria": {
      "has_redstone": "2025-04-18 03:32:42 +0000"
    },
    "done": true
  },
  "blazeandcave:technical/stat_branch9_mid": {
    "criteria": {
      "root": "2025-04-18 03:13:21 +0000"
    },
    "done": true
  },
  "minecraft:recipes/food/cooked_cod_from_campfire_cooking": {
    "criteria": {
      "has_cod": "2025-04-18 03:16:53 +0000"
    },
    "done": true
  },
  "blazeandcave:animal/what_a_piece_of_junk": {
    "criteria": {
      "bowl": "2025-04-18 03:26:59 +0000"
    },
    "done": true
  },
  "minecraft:recipes/decorations/deepslate_tile_wall_from_cobbled_deepslate_stonecutting": {
    "criteria": {
      "has_cobbled_deepslate": "2025-04-18 03:32:49 +0000"
    },
    "done": true
  },
  "blazeandcave:bacap/getting_wood": {
    "criteria": {
      "acacia_log": "2025-04-18 03:09:31 +0000"
    },
    "done": true
  },
  "minecraft:recipes/building_blocks/acacia_wood": {
    "criteria": {
      "has_log": "2025-04-18 03:09:31 +0000"
    },
    "done": true
  },
  "minecraft:recipes/combat/wooden_sword": {
    "criteria": {
      "has_stick": "2025-04-18 03:11:27 +0000"
    },
    "done": true
  },
  "blazeandcave:biomes/wet_feet": {
    "criteria": {
      "lukewarm_ocean": "2025-04-18 03:12:51 +0000"
    },
    "done": false
  },
  "minecraft:recipes/combat/crossbow": {
    "criteria": {
      "has_string": "2025-04-18 03:14:28 +0000"
    },
    "done": true
  },
  "blazeandcave:bacap/adventure_milestone": {
    "criteria": {
      "root": "2025-04-18 03:08:16 +0000",
      "now_youre_thinking_with_portals": "2025-04-18 03:46:41 +0000"
    },
    "done": false
  },
  "minecraft:adventure/kill_a_mob": {
    "criteria": {
      "monster_hunter": "2025-04-18 03:08:15 +0000"
    },
    "done": true
  },
  "minecraft:recipes/transportation/pale_oak_boat": {
    "criteria": {
      "in_water": "2025-04-18 03:16:00 +0000"
    },
    "done": true
  },
  "minecraft:recipes/building_blocks/deepslate_bricks_from_cobbled_deepslate_stonecutting": {
    "criteria": {
      "has_cobbled_deepslate": "2025-04-18 03:32:49 +0000"
    },
    "done": true
  },
  "minecraft:adventure/adventuring_time": {
    "criteria": {
      "lukewarm_ocean": "2025-04-18 03:12:51 +0000",
      "savanna": "2025-04-18 03:06:54 +0000"
    },
    "done": false
  },
  "minecraft:recipes/decorations/barrel": {
    "criteria": {
      "has_planks": "2025-04-18 03:10:42 +0000"
    },
    "done": true
  },
  "minecraft:recipes/decorations/cobblestone_wall_from_cobblestone_stonecutting": {
    "criteria": {
      "has_cobblestone": "2025-04-18 03:12:01 +0000"
    },
    "done": true
  },
  "blazeandcave:farming/meat_lovers": {
    "criteria": {
      "raw_salmon": "2025-04-18 03:18:26 +0000",
      "cooked_cod": "2025-04-18 03:20:45 +0000"
    },
    "done": false
  },
  "minecraft:recipes/building_blocks/cobblestone_stairs_from_cobblestone_stonecutting": {
    "criteria": {
      "has_cobblestone": "2025-04-18 03:12:01 +0000"
    },
    "done": true
  },
  "minecraft:recipes/food/mushroom_stew": {
    "criteria": {
      "has_bowl": "2025-04-18 03:26:59 +0000"
    },
    "done": true
  },
  "minecraft:husbandry/balanced_diet": {
    "criteria": {
      "raw_salmon": "2025-04-18 03:18:26 +0000",
      "cooked_cod": "2025-04-18 03:20:45 +0000"
    },
    "done": false
  },
  "minecraft:recipes/food/cooked_cod": {
    "criteria": {
      "has_cod": "2025-04-18 03:16:53 +0000"
    },
    "done": true
  },
  "minecraft:recipes/building_blocks/cobblestone_stairs": {
    "criteria": {
      "has_cobblestone": "2025-04-18 03:12:01 +0000"
    },
    "done": true
  },
  "blazeandcave:potion/a_much_more_doable_challenge": {
    "criteria": {
      "poison": "2025-04-18 03:34:22 +0000",
      "dolphins_grace": "2025-04-18 03:22:55 +0000"
    },
    "done": false
  },
  "minecraft:recipes/building_blocks/deepslate_tiles_from_cobbled_deepslate_stonecutting": {
    "criteria": {
      "has_cobbled_deepslate": "2025-04-18 03:32:49 +0000"
    },
    "done": true
  },
  "minecraft:recipes/tools/stone_hoe": {
    "criteria": {
      "has_cobblestone": "2025-04-18 03:12:01 +0000"
    },
    "done": true
  },
  "minecraft:recipes/food/dried_kelp": {
    "criteria": {
      "has_dried_kelp_block": "2025-04-18 03:25:29 +0000"
    },
    "done": true
  },
  "blazeandcave:bacap/animal_milestone": {
    "criteria": {
      "delicious_fish": "2025-04-18 03:20:46 +0000",
      "what_a_piece_of_junk": "2025-04-18 03:26:59 +0000",
      "root": "2025-04-18 03:18:26 +0000",
      "treasure_hunter": "2025-04-18 03:54:23 +0000",
      "fishy_business": "2025-04-18 03:16:53 +0000",
      "salmonella_poisoning": "2025-04-18 03:18:26 +0000"
    },
    "done": false
  },
  "blazeandcave:challenges/death_from_all": {
    "criteria": {
      "skeleton": "2025-04-18 03:31:00 +0000",
      "zombie": "2025-04-18 03:08:21 +0000",
      "creeper": "2025-04-18 03:31:26 +0000"
    },
    "done": false
  },
  "minecraft:recipes/decorations/loom": {
    "criteria": {
      "has_string": "2025-04-18 03:14:28 +0000"
    },
    "done": true
  },
  "blazeandcave:weaponry/half_heart_life": {
    "criteria": {
      "trigger": "2025-04-18 03:35:39 +0000"
    },
    "done": true
  },
  "minecraft:recipes/tools/bundle": {
    "criteria": {
      "has_string": "2025-04-18 03:14:28 +0000"
    },
    "done": true
  },
  "minecraft:recipes/tools/stone_shovel": {
    "criteria": {
      "has_cobblestone": "2025-04-18 03:12:01 +0000"
    },
    "done": true
  },
  "minecraft:story/root": {
    "criteria": {
      "crafting_table": "2025-04-18 03:17:48 +0000"
    },
    "done": true
  },
  "blazeandcave:mining/aww_it_broke": {
    "criteria": {
      "break_tool": "2025-04-18 03:46:30 +0000"
    },
    "done": true
  },
  "blazeandcave:mining/moar_tools": {
    "criteria": {
      "stone_pickaxe": "2025-04-18 03:12:25 +0000"
    },
    "done": false
  },
  "minecraft:recipes/building_blocks/acacia_planks": {
    "criteria": {
      "has_log": "2025-04-18 03:09:31 +0000"
    },
    "done": true
  },
  "blazeandcave:challenges/stack_all_the_blocks": {
    "criteria": {
      "cobbled_deepslate": "2025-04-18 03:32:49 +0000"
    },
    "done": false
  },
  "minecraft:recipes/transportation/jungle_boat": {
    "criteria": {
      "in_water": "2025-04-18 03:16:00 +0000"
    },
    "done": true
  },
  "minecraft:recipes/transportation/dark_oak_boat": {
    "criteria": {
      "in_water": "2025-04-18 03:16:00 +0000"
    },
    "done": true
  },
  "minecraft:recipes/redstone/piston": {
    "criteria": {
      "has_redstone": "2025-04-18 03:32:42 +0000"
    },
    "done": true
  },
  "DataVersion": 4325
}