{
  "blazeandcave:bacap/statistics_milestone": {
    "criteria": {
      "root": "2025-04-18 11:59:23 +0000",
      "the_first_night": "2025-04-18 11:59:22 +0000"
    },
    "done": false
  },
  "blazeandcave:animal/high_steaks": {
    "criteria": {
      "cooked_beef": "2025-04-18 12:01:34 +0000"
    },
    "done": true
  },
  "blazeandcave:biomes/warm_feet": {
    "criteria": {
      "savanna": "2025-04-18 11:59:06 +0000"
    },
    "done": false
  },
  "blazeandcave:challenges/stack_all_the_items": {
    "criteria": {
      "cooked_beef": "2025-04-18 12:02:05 +0000"
    },
    "done": false
  },
  "blazeandcave:technical/stat_branch2_mid": {
    "criteria": {
      "root": "2025-04-18 11:59:23 +0000"
    },
    "done": true
  },
  "blazeandcave:building/the_acacia_king": {
    "criteria": {
      "acacia_log": "2025-04-18 12:02:36 +0000"
    },
    "done": false
  },
  "blazeandcave:technical/stat_branch4_mid": {
    "criteria": {
      "root": "2025-04-18 11:59:23 +0000"
    },
    "done": true
  },
  "blazeandcave:adventure/raidin_master": {
    "criteria": {
      "ruined_portal": "2025-04-18 12:05:33 +0000"
    },
    "done": false
  },
  "blazeandcave:bacap/advancement_legend": {
    "criteria": {
      "getting_wood": "2025-04-18 12:02:36 +0000",
      "animal_root": "2025-04-18 12:01:35 +0000",
      "bacap_root": "2025-04-18 11:59:07 +0000",
      "just_keep_swimming": "2025-04-18 12:05:26 +0000",
      "high_steaks": "2025-04-18 12:01:35 +0000",
      "the_first_night": "2025-04-18 11:59:22 +0000",
      "statistics_root": "2025-04-18 11:59:23 +0000",
      "zombie_slayer": "2025-04-18 12:03:43 +0000",
      "now_youre_thinking_with_portals": "2025-04-18 12:05:34 +0000"
    },
    "done": false
  },
  "blazeandcave:technical/stat_branch6_mid": {
    "criteria": {
      "root": "2025-04-18 11:59:23 +0000"
    },
    "done": true
  },
  "minecraft:recipes/decorations/crafting_table": {
    "criteria": {
      "unlock_right_away": "2025-04-18 11:59:04 +0000"
    },
    "done": true
  },
  "blazeandcave:technical/stat_branch8_mid": {
    "criteria": {
      "root": "2025-04-18 11:59:23 +0000"
    },
    "done": true
  },
  "blazeandcave:challenges/all_the_blocks": {
    "criteria": {
      "oak_log": "2025-04-18 12:04:27 +0000",
      "acacia_log": "2025-04-18 12:02:36 +0000",
      "dirt": "2025-04-18 11:59:37 +0000"
    },
    "done": false
  },
  "minecraft:recipes/transportation/cherry_boat": {
    "criteria": {
      "in_water": "2025-04-18 12:05:25 +0000"
    },
    "done": true
  },
  "blazeandcave:adventure/now_youre_thinking_with_portals": {
    "criteria": {
      "ruined_portal": "2025-04-18 12:05:33 +0000"
    },
    "done": true
  },
  "blazeandcave:bacap/biomes_milestone": {
    "criteria": {
      "just_keep_swimming": "2025-04-18 12:05:26 +0000"
    },
    "done": false
  },
  "minecraft:recipes/transportation/bamboo_raft": {
    "criteria": {
      "in_water": "2025-04-18 12:05:25 +0000"
    },
    "done": true
  },
  "minecraft:recipes/transportation/spruce_boat": {
    "criteria": {
      "in_water": "2025-04-18 12:05:25 +0000"
    },
    "done": true
  },
  "blazeandcave:challenges/explorer_of_worlds": {
    "criteria": {
      "savanna": "2025-04-18 11:59:06 +0000"
    },
    "done": false
  },
  "blazeandcave:farming/a_gluttonous_diet": {
    "criteria": {
      "cooked_beef": "2025-04-18 12:02:05 +0000"
    },
    "done": false
  },
  "minecraft:husbandry/root": {
    "criteria": {
      "consumed_item": "2025-04-18 12:01:34 +0000"
    },
    "done": true
  },
  "minecraft:recipes/transportation/birch_boat": {
    "criteria": {
      "in_water": "2025-04-18 12:05:25 +0000"
    },
    "done": true
  },
  "blazeandcave:statistics/the_first_night": {
    "criteria": {
      "trigger": "2025-04-18 11:59:20 +0000"
    },
    "done": true
  },
  "minecraft:recipes/transportation/oak_boat": {
    "criteria": {
      "in_water": "2025-04-18 12:05:25 +0000"
    },
    "done": true
  },
  "blazeandcave:technical/stat_branch1_mid": {
    "criteria": {
      "root": "2025-04-18 11:59:23 +0000"
    },
    "done": true
  },
  "minecraft:recipes/transportation/mangrove_boat": {
    "criteria": {
      "in_water": "2025-04-18 12:05:25 +0000"
    },
    "done": true
  },
  "blazeandcave:monsters/zombie_slayer": {
    "criteria": {
      "rotten_flesh": "2025-04-18 12:03:42 +0000"
    },
    "done": true
  },
  "blazeandcave:building/yay_i_got_my_wood": {
    "criteria": {
      "oak_log": "2025-04-18 12:04:27 +0000",
      "acacia_log": "2025-04-18 12:02:36 +0000"
    },
    "done": false
  },
  "blazeandcave:bacap/root": {
    "criteria": {
      "location": "2025-04-18 11:59:06 +0000"
    },
    "done": true
  },
  "blazeandcave:statistics/root": {
    "criteria": {
      "the_first_night": "2025-04-18 11:59:22 +0000"
    },
    "done": true
  },
  "blazeandcave:technical/stat_branch3_mid": {
    "criteria": {
      "root": "2025-04-18 11:59:23 +0000"
    },
    "done": true
  },
  "blazeandcave:biomes/just_keep_swimming": {
    "criteria": {
      "enter_water": "2025-04-18 12:05:25 +0000"
    },
    "done": true
  },
  "blazeandcave:technical/stat_branch5_mid": {
    "criteria": {
      "root": "2025-04-18 11:59:23 +0000"
    },
    "done": true
  },
  "minecraft:recipes/misc/charcoal": {
    "criteria": {
      "has_log": "2025-04-18 12:02:36 +0000"
    },
    "done": true
  },
  "blazeandcave:challenges/all_the_items": {
    "criteria": {
      "arrow": "2025-04-18 12:00:05 +0000",
      "cooked_beef": "2025-04-18 12:01:30 +0000"
    },
    "done": false
  },
  "blazeandcave:bacap/monsters_milestone": {
    "criteria": {
      "zombie_slayer": "2025-04-18 12:03:43 +0000"
    },
    "done": false
  },
  "blazeandcave:technical/fail_dragon_vs": {
    "criteria": {
      "enter_water": "2025-04-18 12:05:25 +0000"
    },
    "done": true
  },
  "blazeandcave:technical/stat_branch7_mid": {
    "criteria": {
      "root": "2025-04-18 11:59:23 +0000"
    },
    "done": true
  },
  "minecraft:recipes/transportation/acacia_boat": {
    "criteria": {
      "in_water": "2025-04-18 12:05:25 +0000"
    },
    "done": true
  },
  "blazeandcave:technical/stat_branch9_mid": {
    "criteria": {
      "root": "2025-04-18 11:59:23 +0000"
    },
    "done": true
  },
  "blazeandcave:bacap/getting_wood": {
    "criteria": {
      "acacia_log": "2025-04-18 12:02:36 +0000"
    },
    "done": true
  },
  "minecraft:recipes/building_blocks/acacia_wood": {
    "criteria": {
      "has_log": "2025-04-18 12:02:36 +0000"
    },
    "done": true
  },
  "minecraft:recipes/building_blocks/oak_planks": {
    "criteria": {
      "has_logs": "2025-04-18 12:04:27 +0000"
    },
    "done": true
  },
  "blazeandcave:bacap/adventure_milestone": {
    "criteria": {
      "now_youre_thinking_with_portals": "2025-04-18 12:05:34 +0000"
    },
    "done": false
  },
  "minecraft:recipes/transportation/pale_oak_boat": {
    "criteria": {
      "in_water": "2025-04-18 12:05:25 +0000"
    },
    "done": true
  },
  "minecraft:adventure/adventuring_time": {
    "criteria": {
      "savanna": "2025-04-18 11:59:06 +0000"
    },
    "done": false
  },
  "blazeandcave:farming/meat_lovers": {
    "criteria": {
      "cooked_beef": "2025-04-18 12:01:34 +0000"
    },
    "done": false
  },
  "minecraft:husbandry/balanced_diet": {
    "criteria": {
      "cooked_beef": "2025-04-18 12:01:34 +0000"
    },
    "done": false
  },
  "blazeandcave:bacap/animal_milestone": {
    "criteria": {
      "root": "2025-04-18 12:01:35 +0000",
      "high_steaks": "2025-04-18 12:01:35 +0000"
    },
    "done": false
  },
  "blazeandcave:building/professor_oak": {
    "criteria": {
      "oak_log": "2025-04-18 12:04:27 +0000"
    },
    "done": false
  },
  "minecraft:recipes/building_blocks/oak_wood": {
    "criteria": {
      "has_log": "2025-04-18 12:04:27 +0000"
    },
    "done": true
  },
  "minecraft:recipes/building_blocks/acacia_planks": {
    "criteria": {
      "has_log": "2025-04-18 12:02:36 +0000"
    },
    "done": true
  },
  "minecraft:recipes/food/cooked_beef": {
    "criteria": {
      "has_the_recipe": "2025-04-18 12:01:30 +0000"
    },
    "done": true
  },
  "minecraft:recipes/transportation/jungle_boat": {
    "criteria": {
      "in_water": "2025-04-18 12:05:25 +0000"
    },
    "done": true
  },
  "minecraft:recipes/transportation/dark_oak_boat": {
    "criteria": {
      "in_water": "2025-04-18 12:05:25 +0000"
    },
    "done": true
  },
  "DataVersion": 4325
}