{
  "minecraft:recipes/decorations/crafting_table": {
    "criteria": {
      "unlock_right_away": "2025-04-18 01:36:22 +0000"
    },
    "done": true
  },
  "blazeandcave:biomes/warm_feet": {
    "criteria": {
      "savanna": "2025-04-18 01:36:23 +0000"
    },
    "done": false
  },
  "blazeandcave:challenges/explorer_of_worlds": {
    "criteria": {
      "lukewarm_ocean": "2025-04-18 01:55:04 +0000",
      "savanna": "2025-04-18 01:36:23 +0000",
      "beach": "2025-04-18 01:54:28 +0000"
    },
    "done": false
  },
  "blazeandcave:bacap/root": {
    "criteria": {
      "location": "2025-04-18 01:36:23 +0000"
    },
    "done": true
  },
  "minecraft:adventure/adventuring_time": {
    "criteria": {
      "lukewarm_ocean": "2025-04-18 01:55:04 +0000",
      "savanna": "2025-04-18 01:36:23 +0000",
      "beach": "2025-04-18 01:54:28 +0000"
    },
    "done": false
  },
  "blazeandcave:bacap/advancement_legend": {
    "criteria": {
      "naturally_carved": "2025-04-18 01:37:38 +0000",
      "benchmarking": "2025-04-18 01:37:38 +0000",
      "living_like_kings": "2025-04-18 01:37:38 +0000",
      "coal_miner": "2025-04-18 01:37:38 +0000",
      "lichen_subscribe": "2025-04-18 03:20:22 +0000",
      "classic_pocket_edition_block": "2025-04-18 01:37:38 +0000",
      "do_you_want_to_trade": "2025-04-18 01:37:38 +0000",
      "enchanter": "2025-04-18 01:37:38 +0000",
      "humble_bundle": "2025-04-18 01:37:38 +0000",
      "gi_geode": "2025-04-18 01:37:38 +0000",
      "deep_slate_nine": "2025-04-18 01:37:38 +0000",
      "fortunate_son": "2025-04-18 01:37:38 +0000",
      "sharpening_station": "2025-04-18 01:37:38 +0000",
      "enchanting_root": "2025-04-18 01:37:38 +0000",
      "full_stomach": "2025-04-18 01:37:38 +0000",
      "mining_root": "2025-04-18 01:37:38 +0000",
      "time_to_dig": "2025-04-18 01:37:38 +0000",
      "one_course_meal": "2025-04-18 01:37:38 +0000",
      "take_aim": "2025-04-18 01:37:38 +0000",
      "aww_man": "2025-04-18 01:37:38 +0000",
      "cultural_misunderstandings": "2025-04-18 01:37:38 +0000",
      "suit_up": "2025-04-18 01:37:38 +0000",
      "tarzan": "2025-04-18 01:37:38 +0000",
      "the_phantom_menace": "2025-04-18 01:37:38 +0000",
      "not_today_thank_you": "2025-04-18 01:37:38 +0000",
      "spooky_skeleton": "2025-04-18 01:37:38 +0000",
      "natural_sprinter": "2025-04-18 01:37:38 +0000",
      "deals_off": "2025-04-18 01:37:38 +0000",
      "ew_ew_ew": "2025-04-18 01:37:38 +0000",
      "stone_age": "2025-04-18 01:37:38 +0000",
      "mob_hunter": "2025-04-18 01:37:38 +0000",
      "cut_in_half": "2025-04-18 01:37:38 +0000",
      "isnt_it_iron_pick": "2025-04-18 01:37:38 +0000",
      "just_keep_swimming": "2025-04-18 01:37:38 +0000",
      "gold_rush": "2025-04-18 01:37:38 +0000",
      "spring_in_your_step": "2025-04-18 01:37:38 +0000",
      "blast_shield": "2025-04-18 01:37:38 +0000",
      "iron_miner": "2025-04-18 01:37:38 +0000",
      "getting_an_upgrade": "2025-04-18 01:37:38 +0000",
      "we_need_to_go_deeper": "2025-04-18 01:37:38 +0000",
      "now_youre_thinking_with_portals": "2025-04-18 01:37:38 +0000",
      "copper_miner": "2025-04-18 01:37:38 +0000",
      "time_to_farm": "2025-04-18 01:37:38 +0000",
      "time_to_strike": "2025-04-18 01:37:38 +0000",
      "dead_dont_die": "2025-04-18 01:37:38 +0000",
      "out_for_a_stroll": "2025-04-18 01:37:38 +0000",
      "iron_belly": "2025-04-18 01:37:38 +0000",
      "smooth_dude": "2025-04-18 01:37:38 +0000",
      "fossil_fuel": "2025-04-18 01:37:38 +0000",
      "treasure_hunter": "2025-04-18 03:54:24 +0000",
      "the_first_night": "2025-04-18 01:37:38 +0000",
      "my_work_here_is_done": "2025-04-18 01:37:38 +0000",
      "aquatic_biofuel": "2025-04-18 03:25:30 +0000",
      "iconic_merchandising_prop": "2025-04-18 01:37:38 +0000",
      "sweet_dreams": "2025-04-18 01:37:38 +0000",
      "point_blank": "2025-04-18 01:37:38 +0000",
      "the_ender_of_ender": "2025-04-18 01:37:38 +0000",
      "diam_oh_wait_no": "2025-04-18 01:37:38 +0000",
      "animal_root": "2025-04-18 01:37:38 +0000",
      "for_you_my_sweet": "2025-04-18 01:37:38 +0000",
      "high_steaks": "2025-04-18 01:37:38 +0000",
      "librarian": "2025-04-18 01:37:38 +0000",
      "shield_luck": "2025-04-18 01:37:38 +0000",
      "not_chicken_mcnuggets": "2025-04-18 01:37:38 +0000",
      "statistics_root": "2025-04-18 01:37:38 +0000",
      "time_to_mine": "2025-04-18 01:37:38 +0000",
      "i_am_root": "2025-04-18 01:37:38 +0000",
      "bacon": "2025-04-18 01:37:38 +0000",
      "sneaky_snitch": "2025-04-18 01:37:38 +0000",
      "its_a_trap": "2025-04-18 01:37:38 +0000",
      "pork_chop": "2025-04-18 01:37:38 +0000",
      "biomes_root": "2025-04-18 01:37:38 +0000",
      "what_a_piece_of_junk": "2025-04-18 03:27:00 +0000",
      "witch": "2025-04-18 01:37:38 +0000",
      "repopulation": "2025-04-18 01:37:38 +0000",
      "indiana_jones": "2025-04-18 03:34:18 +0000",
      "ooh_baby": "2025-04-18 01:37:38 +0000",
      "salmonella_poisoning": "2025-04-18 03:18:27 +0000",
      "stairs_no": "2025-04-18 01:37:38 +0000",
      "so_good": "2025-04-18 01:37:38 +0000",
      "diamonds": "2025-04-18 01:37:38 +0000",
      "bacap_root": "2025-04-18 01:36:24 +0000",
      "strike_a_light": "2025-04-18 01:37:38 +0000",
      "fishy_business": "2025-04-18 03:16:54 +0000",
      "the_mighty_jungle": "2025-04-18 01:37:38 +0000",
      "cover_me_with_diamonds": "2025-04-18 01:37:38 +0000",
      "meet_the_flintstones": "2025-04-18 01:37:38 +0000",
      "diamond_clad": "2025-04-18 01:37:38 +0000",
      "black_belt_ninja": "2025-04-18 01:37:38 +0000",
      "ice_bucket_challenge": "2025-04-18 01:37:38 +0000",
      "farming_root": "2025-04-18 01:37:38 +0000",
      "good_for_your_bones": "2025-04-18 01:37:38 +0000",
      "which_came_first": "2025-04-18 01:37:38 +0000",
      "weaponry_root": "2025-04-18 01:37:38 +0000",
      "time_to_chop": "2025-04-18 01:37:38 +0000",
      "viking": "2025-04-18 01:37:38 +0000",
      "get_a_lode_of_this": "2025-04-18 01:37:38 +0000",
      "delicious_fish": "2025-04-18 03:20:46 +0000",
      "kelp_me": "2025-04-18 01:55:17 +0000",
      "wooly": "2025-04-18 01:37:38 +0000",
      "bake_bread": "2025-04-18 01:37:38 +0000",
      "monsters_root": "2025-04-18 01:37:38 +0000",
      "pathways": "2025-04-18 01:37:38 +0000",
      "torched": "2025-04-18 01:37:38 +0000",
      "quirky_quartz": "2025-04-18 01:37:38 +0000",
      "adventure_root": "2025-04-18 01:37:38 +0000",
      "aww_it_broke": "2025-04-18 01:37:38 +0000",
      "the_walls": "2025-04-18 01:37:38 +0000",
      "poisonous_ew": "2025-04-18 01:37:38 +0000",
      "stationary_storage": "2025-04-18 01:37:38 +0000",
      "no_chain_no_gain": "2025-04-18 01:37:38 +0000",
      "getting_wood": "2025-04-18 01:37:38 +0000",
      "its_original_form": "2025-04-18 01:37:38 +0000",
      "blast_it": "2025-04-18 01:37:38 +0000",
      "sugar_sugar": "2025-04-18 01:37:38 +0000",
      "boned": "2025-04-18 01:37:38 +0000",
      "classy_glassy": "2025-04-18 01:37:38 +0000",
      "youll_never_take_me_alive_copper": "2025-04-18 01:37:38 +0000",
      "i_dont_like_sand": "2025-04-18 01:37:38 +0000",
      "die_potato": "2025-04-18 01:37:38 +0000",
      "acquire_hardware": "2025-04-18 01:37:38 +0000",
      "barrel_rider": "2025-04-18 01:37:38 +0000",
      "dungeons_and_spawners": "2025-04-18 01:37:38 +0000",
      "half_heart_life": "2025-04-18 01:37:38 +0000",
      "level_up": "2025-04-18 01:37:38 +0000",
      "diamonds_to_you": "2025-04-18 01:37:38 +0000",
      "what_a_fungi": "2025-04-18 01:37:38 +0000",
      "hot_topic": "2025-04-18 01:37:38 +0000",
      "sir_knight": "2025-04-18 01:37:38 +0000",
      "what_a_creep": "2025-04-18 01:37:38 +0000",
      "cow_tipper": "2025-04-18 01:37:38 +0000",
      "seeing_red": "2025-04-18 01:37:38 +0000",
      "redstone_root": "2025-04-18 01:37:38 +0000",
      "building_root": "2025-04-18 01:37:38 +0000",
      "this_is_mine_now": "2025-04-18 01:37:38 +0000",
      "tickle_time": "2025-04-18 01:37:38 +0000",
      "heart_of_darkness": "2025-04-18 01:37:38 +0000",
      "a_seedy_place": "2025-04-18 01:37:38 +0000",
      "the_sea_calls_you": "2025-04-18 01:37:38 +0000",
      "nether_root": "2025-04-18 01:37:38 +0000",
      "nananananananana": "2025-04-18 01:37:38 +0000",
      "what_a_pane": "2025-04-18 01:37:38 +0000",
      "iron_man": "2025-04-18 01:37:38 +0000",
      "care_for_the_environment": "2025-04-18 01:37:38 +0000",
      "festival_of_lights": "2025-04-18 01:37:38 +0000",
      "boaty_mcboatface": "2025-04-18 01:37:38 +0000",
      "hot_stuff": "2025-04-18 01:37:38 +0000",
      "monster_hunter": "2025-04-18 01:37:38 +0000",
      "lead_the_way": "2025-04-18 01:37:38 +0000",
      "feeling_sheepish": "2025-04-18 01:37:38 +0000",
      "renewable_energy": "2025-04-18 03:19:18 +0000",
      "en_garde": "2025-04-18 01:37:38 +0000",
      "stabcraft": "2025-04-18 01:37:38 +0000",
      "you_lead_ill_follow": "2025-04-18 01:37:38 +0000",
      "your_door_was_locked": "2025-04-18 01:37:38 +0000",
      "dolphin_dasher": "2025-04-18 03:22:56 +0000",
      "bapple": "2025-04-18 01:37:38 +0000"
    },
    "done": false
  },
  "blazeandcave:animal/which_came_first": {
    "criteria": {
      "egg": "2025-04-18 01:37:38 +0000"
    },
    "done": true
  },
  "blazeandcave:redstone/root": {
    "criteria": {
      "redstone": "2025-04-18 01:37:38 +0000"
    },
    "done": true
  },
  "blazeandcave:monsters/aww_man": {
    "criteria": {
      "creeper": "2025-04-18 01:37:38 +0000"
    },
    "done": true
  },
  "blazeandcave:bacap/redstone_milestone": {
    "criteria": {
      "root": "2025-04-18 01:37:38 +0000",
      "quirky_quartz": "2025-04-18 01:37:38 +0000"
    },
    "done": false
  },
  "minecraft:story/obtain_armor": {
    "criteria": {
      "iron_boots": "2025-04-18 01:37:38 +0000",
      "iron_chestplate": "2025-04-18 01:37:38 +0000",
      "iron_leggings": "2025-04-18 01:37:38 +0000",
      "iron_helmet": "2025-04-18 01:37:38 +0000"
    },
    "done": true
  },
  "blazeandcave:bacap/time_to_farm": {
    "criteria": {
      "wooden_hoe": "2025-04-18 01:37:38 +0000",
      "iron_hoe": "2025-04-18 01:37:38 +0000",
      "golden_hoe": "2025-04-18 01:37:38 +0000",
      "diamond_hoe": "2025-04-18 01:37:38 +0000",
      "netherite_hoe": "2025-04-18 01:37:38 +0000",
      "stone_hoe": "2025-04-18 01:37:38 +0000"
    },
    "done": true
  },
  "blazeandcave:bacap/statistics_milestone": {
    "criteria": {
      "sneaky_snitch": "2025-04-18 01:37:38 +0000",
      "black_belt_ninja": "2025-04-18 01:37:38 +0000",
      "out_for_a_stroll": "2025-04-18 01:37:38 +0000",
      "natural_sprinter": "2025-04-18 01:37:38 +0000",
      "level_up": "2025-04-18 01:37:38 +0000",
      "root": "2025-04-18 01:37:38 +0000",
      "spring_in_your_step": "2025-04-18 01:37:38 +0000",
      "the_first_night": "2025-04-18 01:37:38 +0000",
      "mob_hunter": "2025-04-18 01:37:38 +0000"
    },
    "done": false
  },
  "blazeandcave:farming/bapple": {
    "criteria": {
      "apple": "2025-04-18 01:37:38 +0000"
    },
    "done": true
  },
  "blazeandcave:building/torched": {
    "criteria": {
      "torch": "2025-04-18 01:37:38 +0000"
    },
    "done": true
  },
  "blazeandcave:animal/high_steaks": {
    "criteria": {
      "cooked_beef": "2025-04-18 01:37:38 +0000"
    },
    "done": true
  },
  "blazeandcave:weaponry/root": {
    "criteria": {
      "sword": "2025-04-18 01:37:38 +0000"
    },
    "done": true
  },
  "blazeandcave:statistics/level_up": {
    "criteria": {
      "trigger": "2025-04-18 01:37:38 +0000"
    },
    "done": true
  },
  "minecraft:story/deflect_arrow": {
    "criteria": {
      "deflected_skeleton": "2025-04-18 01:37:38 +0000"
    },
    "done": true
  },
  "blazeandcave:farming/naturally_carved": {
    "criteria": {
      "pumpkin": "2025-04-18 01:37:38 +0000"
    },
    "done": true
  },
  "minecraft:story/iron_tools": {
    "criteria": {
      "iron_pickaxe": "2025-04-18 01:37:38 +0000"
    },
    "done": true
  },
  "blazeandcave:bacap/enchanting_milestone": {
    "criteria": {
      "root": "2025-04-18 01:37:38 +0000",
      "librarian": "2025-04-18 01:37:38 +0000",
      "fortunate_son": "2025-04-18 01:37:38 +0000"
    },
    "done": false
  },
  "blazeandcave:mining/youll_never_take_me_alive_copper": {
    "criteria": {
      "copper_ingot": "2025-04-18 01:37:38 +0000"
    },
    "done": true
  },
  "blazeandcave:animal/tickle_time": {
    "criteria": {
      "feather": "2025-04-18 01:37:38 +0000"
    },
    "done": true
  },
  "blazeandcave:enchanting/fortunate_son": {
    "criteria": {
      "fortune": "2025-04-18 01:37:38 +0000",
      "fortune_book": "2025-04-18 01:37:38 +0000"
    },
    "done": true
  },
  "blazeandcave:biomes/the_sea_calls_you": {
    "criteria": {
      "ocean": "2025-04-18 01:37:38 +0000"
    },
    "done": true
  },
  "blazeandcave:building/your_door_was_locked": {
    "criteria": {
      "door": "2025-04-18 01:37:38 +0000"
    },
    "done": true
  },
  "blazeandcave:mining/diamonds_to_you": {
    "criteria": {
      "diamonds_to_you": "2025-04-18 01:37:38 +0000"
    },
    "done": true
  },
  "blazeandcave:technical/stat_branch2_mid": {
    "criteria": {
      "root": "2025-04-18 01:37:38 +0000"
    },
    "done": true
  },
  "blazeandcave:weaponry/viking": {
    "criteria": {
      "axe": "2025-04-18 01:37:38 +0000"
    },
    "done": true
  },
  "blazeandcave:animal/so_good": {
    "criteria": {
      "cooked_chicken": "2025-04-18 01:37:38 +0000"
    },
    "done": true
  },
  "blazeandcave:building/en_garde": {
    "criteria": {
      "fence": "2025-04-18 01:37:38 +0000"
    },
    "done": true
  },
  "blazeandcave:mining/copper_miner": {
    "criteria": {
      "raw_copper": "2025-04-18 01:37:38 +0000"
    },
    "done": true
  },
  "minecraft:story/mine_stone": {
    "criteria": {
      "deepslate": "2025-04-18 01:37:38 +0000",
      "cobblestone": "2025-04-18 01:37:38 +0000",
      "cobbled_deepslate": "2025-04-18 01:37:38 +0000",
      "blackstone": "2025-04-18 01:37:38 +0000",
      "stone": "2025-04-18 01:37:38 +0000"
    },
    "done": true
  },
  "blazeandcave:technical/stat_branch4_mid": {
    "criteria": {
      "root": "2025-04-18 01:37:38 +0000"
    },
    "done": true
  },
  "blazeandcave:weaponry/shield_luck": {
    "criteria": {
      "deflected_trident": "2025-04-18 01:37:38 +0000"
    },
    "done": true
  },
  "minecraft:story/enter_the_nether": {
    "criteria": {
      "entered_nether_portal": "2025-04-18 01:37:38 +0000"
    },
    "done": true
  },
  "blazeandcave:bacap/farming_milestone": {
    "criteria": {
      "naturally_carved": "2025-04-18 01:37:38 +0000",
      "full_stomach": "2025-04-18 01:37:38 +0000",
      "kelp_me": "2025-04-18 01:55:17 +0000",
      "bake_bread": "2025-04-18 01:37:38 +0000",
      "root": "2025-04-18 01:37:38 +0000",
      "sugar_sugar": "2025-04-18 01:37:38 +0000",
      "care_for_the_environment": "2025-04-18 01:37:38 +0000",
      "one_course_meal": "2025-04-18 01:37:38 +0000",
      "a_seedy_place": "2025-04-18 01:37:38 +0000",
      "aquatic_biofuel": "2025-04-18 03:25:30 +0000",
      "bapple": "2025-04-18 01:37:38 +0000",
      "die_potato": "2025-04-18 01:37:38 +0000"
    },
    "done": false
  },
  "blazeandcave:monsters/ooh_baby": {
    "criteria": {
      "husk": "2025-04-18 01:37:38 +0000",
      "zombified_piglin": "2025-04-18 01:37:38 +0000",
      "zombie": "2025-04-18 01:37:38 +0000",
      "zombie_villager": "2025-04-18 01:37:38 +0000",
      "drowned": "2025-04-18 01:37:38 +0000"
    },
    "done": true
  },
  "blazeandcave:mining/living_like_kings": {
    "criteria": {
      "golden_leggings": "2025-04-18 01:37:38 +0000",
      "golden_helmet": "2025-04-18 01:37:38 +0000",
      "golden_boots": "2025-04-18 01:37:38 +0000",
      "golden_chestplate": "2025-04-18 01:37:38 +0000"
    },
    "done": true
  },
  "blazeandcave:mining/gold_rush": {
    "criteria": {
      "gold_ingot": "2025-04-18 01:37:38 +0000"
    },
    "done": true
  },
  "blazeandcave:building/barrel_rider": {
    "criteria": {
      "barrel": "2025-04-18 01:37:38 +0000"
    },
    "done": true
  },
  "blazeandcave:monsters/ew_ew_ew": {
    "criteria": {
      "spider": "2025-04-18 01:37:38 +0000"
    },
    "done": true
  },
  "blazeandcave:technical/stat_branch6_mid": {
    "criteria": {
      "root": "2025-04-18 01:37:38 +0000"
    },
    "done": true
  },
  "blazeandcave:animal/cow_tipper": {
    "criteria": {
      "leather": "2025-04-18 01:37:38 +0000"
    },
    "done": true
  },
  "blazeandcave:building/i_dont_like_sand": {
    "criteria": {
      "sand": "2025-04-18 01:37:38 +0000"
    },
    "done": true
  },
  "blazeandcave:monsters/the_ender_of_ender": {
    "criteria": {
      "enderman": "2025-04-18 01:37:38 +0000"
    },
    "done": true
  },
  "blazeandcave:mining/heart_of_darkness": {
    "criteria": {
      "enter_cave": "2025-04-18 01:37:38 +0000"
    },
    "done": true
  },
  "minecraft:adventure/shoot_arrow": {
    "criteria": {
      "shot_spectral_arrow": "2025-04-18 01:37:38 +0000",
      "shot_arrow": "2025-04-18 01:37:38 +0000"
    },
    "done": true
  },
  "blazeandcave:statistics/mob_hunter": {
    "criteria": {
      "trigger": "2025-04-18 01:37:38 +0000"
    },
    "done": true
  },
  "blazeandcave:building/its_a_trap": {
    "criteria": {
      "trapdoor": "2025-04-18 01:37:38 +0000"
    },
    "done": true
  },
  "blazeandcave:farming/bake_bread": {
    "criteria": {
      "bread": "2025-04-18 01:37:38 +0000"
    },
    "done": true
  },
  "blazeandcave:farming/root": {
    "criteria": {
      "hoe": "2025-04-18 01:37:38 +0000"
    },
    "done": true
  },
  "minecraft:story/smelt_iron": {
    "criteria": {
      "iron": "2025-04-18 01:37:38 +0000"
    },
    "done": true
  },
  "blazeandcave:building/festival_of_lights": {
    "criteria": {
      "lantern": "2025-04-18 01:37:38 +0000"
    },
    "done": true
  },
  "blazeandcave:mining/this_is_mine_now": {
    "criteria": {
      "mineshaft": "2025-04-18 01:37:38 +0000"
    },
    "done": true
  },
  "minecraft:story/shiny_gear": {
    "criteria": {
      "diamond_leggings": "2025-04-18 01:37:38 +0000",
      "diamond_helmet": "2025-04-18 01:37:38 +0000",
      "diamond_chestplate": "2025-04-18 01:37:38 +0000",
      "diamond_boots": "2025-04-18 01:37:38 +0000"
    },
    "done": true
  },
  "blazeandcave:mining/fossil_fuel": {
    "criteria": {
      "coal": "2025-04-18 01:37:38 +0000"
    },
    "done": true
  },
  "blazeandcave:building/stationary_storage": {
    "criteria": {
      "chest": "2025-04-18 01:37:38 +0000"
    },
    "done": true
  },
  "blazeandcave:technical/stat_branch8_mid": {
    "criteria": {
      "root": "2025-04-18 01:37:38 +0000"
    },
    "done": true
  },
  "blazeandcave:animal/wooly": {
    "criteria": {
      "sheep": "2025-04-18 01:37:38 +0000"
    },
    "done": true
  },
  "blazeandcave:weaponry/point_blank": {
    "criteria": {
      "point_blank": "2025-04-18 01:37:38 +0000"
    },
    "done": true
  },
  "blazeandcave:farming/full_stomach": {
    "criteria": {
      "ten_withers": "2025-04-18 01:37:38 +0000"
    },
    "done": true
  },
  "blazeandcave:mining/deep_slate_nine": {
    "criteria": {
      "deepslate_level": "2025-04-18 01:37:38 +0000"
    },
    "done": true
  },
  "minecraft:adventure/sleep_in_bed": {
    "criteria": {
      "slept_in_bed": "2025-04-18 01:37:38 +0000"
    },
    "done": true
  },
  "blazeandcave:enchanting/root": {
    "criteria": {
      "enchanted_item": "2025-04-18 01:37:38 +0000"
    },
    "done": true
  },
  "blazeandcave:bacap/time_to_mine": {
    "criteria": {
      "wooden_pickaxe": "2025-04-18 01:37:38 +0000",
      "golden_pickaxe": "2025-04-18 01:37:38 +0000",
      "diamond_pickaxe": "2025-04-18 01:37:38 +0000",
      "iron_pickaxe": "2025-04-18 01:37:38 +0000",
      "netherite_pickaxe": "2025-04-18 01:37:38 +0000",
      "stone_pickaxe": "2025-04-18 01:37:38 +0000"
    },
    "done": true
  },
  "blazeandcave:building/cut_in_half": {
    "criteria": {
      "slab": "2025-04-18 01:37:38 +0000"
    },
    "done": true
  },
  "blazeandcave:farming/one_course_meal": {
    "criteria": {
      "bone_meal": "2025-04-18 01:37:38 +0000",
      "bone_meal_propagule": "2025-04-18 01:37:38 +0000"
    },
    "done": true
  },
  "minecraft:story/enchant_item": {
    "criteria": {
      "enchanting_table": "2025-04-18 01:37:38 +0000"
    },
    "done": true
  },
  "blazeandcave:animal/humble_bundle": {
    "criteria": {
      "bundle": "2025-04-18 01:37:38 +0000"
    },
    "done": true
  },
  "blazeandcave:mining/coal_miner": {
    "criteria": {
      "coal": "2025-04-18 01:37:38 +0000"
    },
    "done": true
  },
  "blazeandcave:building/sharpening_station": {
    "criteria": {
      "grindstone": "2025-04-18 01:37:38 +0000"
    },
    "done": true
  },
  "blazeandcave:building/classic_pocket_edition_block": {
    "criteria": {
      "stonecutter": "2025-04-18 01:37:38 +0000"
    },
    "done": true
  },
  "blazeandcave:adventure/now_youre_thinking_with_portals": {
    "criteria": {
      "ruined_portal": "2025-04-18 01:37:38 +0000"
    },
    "done": true
  },
  "blazeandcave:building/root": {
    "criteria": {
      "crafting_table": "2025-04-18 01:37:38 +0000"
    },
    "done": true
  },
  "blazeandcave:bacap/biomes_milestone": {
    "criteria": {
      "just_keep_swimming": "2025-04-18 01:37:38 +0000",
      "for_you_my_sweet": "2025-04-18 01:37:38 +0000",
      "root": "2025-04-18 01:37:38 +0000",
      "boaty_mcboatface": "2025-04-18 01:37:38 +0000",
      "the_mighty_jungle": "2025-04-18 01:37:38 +0000",
      "tarzan": "2025-04-18 01:37:38 +0000",
      "the_sea_calls_you": "2025-04-18 01:37:38 +0000",
      "dolphin_dasher": "2025-04-18 03:22:56 +0000"
    },
    "done": false
  },
  "blazeandcave:farming/die_potato": {
    "criteria": {
      "potato": "2025-04-18 01:37:38 +0000",
      "baked_potato": "2025-04-18 01:37:38 +0000"
    },
    "done": true
  },
  "blazeandcave:animal/pork_chop": {
    "criteria": {
      "cooked_porkchop": "2025-04-18 01:37:38 +0000"
    },
    "done": true
  },
  "blazeandcave:building/stairs_no": {
    "criteria": {
      "stairs": "2025-04-18 01:37:38 +0000"
    },
    "done": true
  },
  "blazeandcave:bacap/time_to_chop": {
    "criteria": {
      "wooden_axe": "2025-04-18 01:37:38 +0000",
      "iron_axe": "2025-04-18 01:37:38 +0000",
      "golden_axe": "2025-04-18 01:37:38 +0000",
      "diamond_axe": "2025-04-18 01:37:38 +0000",
      "netherite_axe": "2025-04-18 01:37:38 +0000",
      "stone_axe": "2025-04-18 01:37:38 +0000"
    },
    "done": true
  },
  "blazeandcave:enchanting/librarian": {
    "criteria": {
      "bookshelf": "2025-04-18 01:37:38 +0000"
    },
    "done": true
  },
  "blazeandcave:building/blast_it": {
    "criteria": {
      "blast_furnace": "2025-04-18 01:37:38 +0000"
    },
    "done": true
  },
  "blazeandcave:mining/iconic_merchandising_prop": {
    "criteria": {
      "diamond_pickaxe": "2025-04-18 01:37:38 +0000"
    },
    "done": true
  },
  "blazeandcave:animal/feeling_sheepish": {
    "criteria": {
      "cooked_mutton": "2025-04-18 01:37:38 +0000"
    },
    "done": true
  },
  "minecraft:husbandry/root": {
    "criteria": {
      "consumed_item": "2025-04-18 01:37:38 +0000"
    },
    "done": true
  },
  "blazeandcave:statistics/the_first_night": {
    "criteria": {
      "trigger": "2025-04-18 01:37:38 +0000"
    },
    "done": true
  },
  "blazeandcave:mining/nananananananana": {
    "criteria": {
      "bat": "2025-04-18 01:37:38 +0000"
    },
    "done": true
  },
  "blazeandcave:nether/cultural_misunderstandings": {
    "criteria": {
      "piglin": "2025-04-18 01:37:38 +0000"
    },
    "done": true
  },
  "blazeandcave:weaponry/sir_knight": {
    "criteria": {
      "shield": "2025-04-18 01:37:38 +0000"
    },
    "done": true
  },
  "blazeandcave:building/its_original_form": {
    "criteria": {
      "stone": "2025-04-18 01:37:38 +0000"
    },
    "done": true
  },
  "blazeandcave:farming/sugar_sugar": {
    "criteria": {
      "sugar_cane": "2025-04-18 01:37:38 +0000"
    },
    "done": true
  },
  "blazeandcave:monsters/boned": {
    "criteria": {
      "bone_meal": "2025-04-18 01:37:38 +0000",
      "bone_meal_from_bone_block": "2025-04-18 01:37:38 +0000"
    },
    "done": true
  },
  "blazeandcave:statistics/sneaky_snitch": {
    "criteria": {
      "trigger": "2025-04-18 01:37:38 +0000"
    },
    "done": true
  },
  "blazeandcave:bacap/weaponry_milestone": {
    "criteria": {
      "half_heart_life": "2025-04-18 01:37:38 +0000",
      "root": "2025-04-18 01:37:38 +0000",
      "take_aim": "2025-04-18 01:37:38 +0000",
      "point_blank": "2025-04-18 01:37:38 +0000",
      "shield_luck": "2025-04-18 01:37:38 +0000",
      "sir_knight": "2025-04-18 01:37:38 +0000",
      "indiana_jones": "2025-04-18 03:34:18 +0000",
      "viking": "2025-04-18 01:37:38 +0000"
    },
    "done": false
  },
  "blazeandcave:mining/meet_the_flintstones": {
    "criteria": {
      "flint": "2025-04-18 01:37:38 +0000"
    },
    "done": true
  },
  "minecraft:husbandry/breed_an_animal": {
    "criteria": {
      "cow": "2025-04-18 01:37:38 +0000"
    },
    "done": true
  },
  "blazeandcave:monsters/what_a_creep": {
    "criteria": {
      "creeper": "2025-04-18 01:37:38 +0000"
    },
    "done": true
  },
  "blazeandcave:technical/stat_branch1_mid": {
    "criteria": {
      "root": "2025-04-18 01:37:38 +0000"
    },
    "done": true
  },
  "blazeandcave:monsters/spooky_skeleton": {
    "criteria": {
      "skeleton": "2025-04-18 01:37:38 +0000"
    },
    "done": true
  },
  "blazeandcave:biomes/boaty_mcboatface": {
    "criteria": {
      "boat": "2025-04-18 01:37:38 +0000"
    },
    "done": true
  },
  "blazeandcave:mining/diam_oh_wait_no": {
    "criteria": {
      "coal": "2025-04-18 01:37:38 +0000"
    },
    "done": true
  },
  "blazeandcave:mining/strike_a_light": {
    "criteria": {
      "candle": "2025-04-18 01:37:38 +0000"
    },
    "done": true
  },
  "blazeandcave:monsters/poisonous_ew": {
    "criteria": {
      "spider": "2025-04-18 01:37:38 +0000"
    },
    "done": true
  },
  "blazeandcave:statistics/black_belt_ninja": {
    "criteria": {
      "trigger": "2025-04-18 01:37:38 +0000"
    },
    "done": true
  },
  "minecraft:story/lava_bucket": {
    "criteria": {
      "lava_bucket": "2025-04-18 01:37:38 +0000"
    },
    "done": true
  },
  "blazeandcave:building/the_walls": {
    "criteria": {
      "cobblestone_wall": "2025-04-18 01:37:38 +0000"
    },
    "done": true
  },
  "blazeandcave:monsters/witch": {
    "criteria": {
      "witch": "2025-04-18 01:37:38 +0000"
    },
    "done": true
  },
  "blazeandcave:statistics/root": {
    "criteria": {
      "entered_nether_portal": "2025-04-18 01:37:38 +0000",
      "diamond": "2025-04-18 01:37:38 +0000",
      "the_first_night": "2025-04-18 01:37:38 +0000",
      "entered_end_portal": "2025-04-18 01:37:38 +0000"
    },
    "done": true
  },
  "blazeandcave:bacap/mining_milestone": {
    "criteria": {
      "copper_miner": "2025-04-18 01:37:38 +0000",
      "diamonds": "2025-04-18 01:37:38 +0000",
      "acquire_hardware": "2025-04-18 01:37:38 +0000",
      "living_like_kings": "2025-04-18 01:37:38 +0000",
      "coal_miner": "2025-04-18 01:37:38 +0000",
      "lichen_subscribe": "2025-04-18 03:20:22 +0000",
      "dungeons_and_spawners": "2025-04-18 01:37:38 +0000",
      "diamonds_to_you": "2025-04-18 01:37:38 +0000",
      "hot_topic": "2025-04-18 01:37:38 +0000",
      "fossil_fuel": "2025-04-18 01:37:38 +0000",
      "enchanter": "2025-04-18 01:37:38 +0000",
      "gi_geode": "2025-04-18 01:37:38 +0000",
      "deep_slate_nine": "2025-04-18 01:37:38 +0000",
      "iconic_merchandising_prop": "2025-04-18 01:37:38 +0000",
      "my_work_here_is_done": "2025-04-18 01:37:38 +0000",
      "strike_a_light": "2025-04-18 01:37:38 +0000",
      "cover_me_with_diamonds": "2025-04-18 01:37:38 +0000",
      "meet_the_flintstones": "2025-04-18 01:37:38 +0000",
      "diamond_clad": "2025-04-18 01:37:38 +0000",
      "seeing_red": "2025-04-18 01:37:38 +0000",
      "ice_bucket_challenge": "2025-04-18 01:37:38 +0000",
      "this_is_mine_now": "2025-04-18 01:37:38 +0000",
      "good_for_your_bones": "2025-04-18 01:37:38 +0000",
      "root": "2025-04-18 01:37:38 +0000",
      "heart_of_darkness": "2025-04-18 01:37:38 +0000",
      "suit_up": "2025-04-18 01:37:38 +0000",
      "get_a_lode_of_this": "2025-04-18 01:37:38 +0000",
      "diam_oh_wait_no": "2025-04-18 01:37:38 +0000",
      "nananananananana": "2025-04-18 01:37:38 +0000",
      "iron_man": "2025-04-18 01:37:38 +0000",
      "not_chicken_mcnuggets": "2025-04-18 01:37:38 +0000",
      "hot_stuff": "2025-04-18 01:37:38 +0000",
      "stone_age": "2025-04-18 01:37:38 +0000",
      "aww_it_broke": "2025-04-18 01:37:38 +0000",
      "isnt_it_iron_pick": "2025-04-18 01:37:38 +0000",
      "gold_rush": "2025-04-18 01:37:38 +0000",
      "renewable_energy": "2025-04-18 03:19:18 +0000",
      "youll_never_take_me_alive_copper": "2025-04-18 01:37:38 +0000",
      "stabcraft": "2025-04-18 01:37:38 +0000",
      "getting_an_upgrade": "2025-04-18 01:37:38 +0000",
      "iron_miner": "2025-04-18 01:37:38 +0000",
      "we_need_to_go_deeper": "2025-04-18 01:37:38 +0000"
    },
    "done": false
  },
  "blazeandcave:biomes/the_mighty_jungle": {
    "criteria": {
      "jungle": "2025-04-18 01:37:38 +0000"
    },
    "done": true
  },
  "blazeandcave:technical/stat_branch3_mid": {
    "criteria": {
      "root": "2025-04-18 01:37:38 +0000"
    },
    "done": true
  },
  "blazeandcave:monsters/blast_shield": {
    "criteria": {
      "deflected_explosion": "2025-04-18 01:37:38 +0000"
    },
    "done": true
  },
  "blazeandcave:mining/root": {
    "criteria": {
      "pickaxe": "2025-04-18 01:37:38 +0000"
    },
    "done": true
  },
  "blazeandcave:biomes/root": {
    "criteria": {
      "killed_by_something": "2025-04-18 01:37:38 +0000",
      "killed_something": "2025-04-18 01:37:38 +0000"
    },
    "done": true
  },
  "blazeandcave:nether/what_a_fungi": {
    "criteria": {
      "nether_fungus": "2025-04-18 01:37:38 +0000"
    },
    "done": true
  },
  "blazeandcave:biomes/tarzan": {
    "criteria": {
      "enter_vine": "2025-04-18 01:37:38 +0000"
    },
    "done": true
  },
  "blazeandcave:building/no_chain_no_gain": {
    "criteria": {
      "chain": "2025-04-18 01:37:38 +0000"
    },
    "done": true
  },
  "blazeandcave:mining/dungeons_and_spawners": {
    "criteria": {
      "dungeon": "2025-04-18 01:37:38 +0000"
    },
    "done": true
  },
  "blazeandcave:monsters/dead_dont_die": {
    "criteria": {
      "zombie": "2025-04-18 01:37:38 +0000"
    },
    "done": true
  },
  "blazeandcave:biomes/just_keep_swimming": {
    "criteria": {
      "enter_water": "2025-04-18 01:37:38 +0000"
    },
    "done": true
  },
  "blazeandcave:farming/care_for_the_environment": {
    "criteria": {
      "spruce_sapling": "2025-04-18 01:37:38 +0000",
      "dark_oak_sapling": "2025-04-18 01:37:38 +0000",
      "bamboo_sapling": "2025-04-18 01:37:38 +0000",
      "oak_sapling": "2025-04-18 01:37:38 +0000",
      "acacia_sapling": "2025-04-18 01:37:38 +0000",
      "pale_oak_sapling": "2025-04-18 01:37:38 +0000",
      "birch_sapling": "2025-04-18 01:37:38 +0000",
      "cherry_sapling": "2025-04-18 01:37:38 +0000",
      "jungle_sapling": "2025-04-18 01:37:38 +0000",
      "mangrove_propagule": "2025-04-18 01:37:38 +0000"
    },
    "done": true
  },
  "minecraft:nether/root": {
    "criteria": {
      "nether": "2025-04-18 01:37:38 +0000"
    },
    "done": true
  },
  "blazeandcave:technical/stat_branch5_mid": {
    "criteria": {
      "root": "2025-04-18 01:37:38 +0000"
    },
    "done": true
  },
  "blazeandcave:bacap/nether_milestone": {
    "criteria": {
      "i_am_root": "2025-04-18 01:37:38 +0000",
      "what_a_fungi": "2025-04-18 01:37:38 +0000",
      "root": "2025-04-18 01:37:38 +0000",
      "cultural_misunderstandings": "2025-04-18 01:37:38 +0000"
    },
    "done": false
  },
  "blazeandcave:monsters/iron_belly": {
    "criteria": {
      "rotten_flesh": "2025-04-18 01:37:38 +0000"
    },
    "done": true
  },
  "blazeandcave:statistics/out_for_a_stroll": {
    "criteria": {
      "trigger": "2025-04-18 01:37:38 +0000"
    },
    "done": true
  },
  "minecraft:story/upgrade_tools": {
    "criteria": {
      "stone_pickaxe": "2025-04-18 01:37:38 +0000"
    },
    "done": true
  },
  "blazeandcave:building/classy_glassy": {
    "criteria": {
      "glass": "2025-04-18 01:37:38 +0000"
    },
    "done": true
  },
  "blazeandcave:building/what_a_pane": {
    "criteria": {
      "red_stained_glass_pane": "2025-04-18 01:37:38 +0000",
      "light_gray_stained_glass_pane": "2025-04-18 01:37:38 +0000",
      "white_stained_glass_pane": "2025-04-18 01:37:38 +0000",
      "lime_stained_glass_pane": "2025-04-18 01:37:38 +0000",
      "orange_stained_glass_pane": "2025-04-18 01:37:38 +0000",
      "magenta_stained_glass_pane": "2025-04-18 01:37:38 +0000",
      "gray_stained_glass_pane": "2025-04-18 01:37:38 +0000",
      "brown_stained_glass_pane": "2025-04-18 01:37:38 +0000",
      "light_blue_stained_glass_pane": "2025-04-18 01:37:38 +0000",
      "pink_stained_glass_pane": "2025-04-18 01:37:38 +0000",
      "purple_stained_glass_pane": "2025-04-18 01:37:38 +0000",
      "green_stained_glass_pane": "2025-04-18 01:37:38 +0000",
      "blue_stained_glass_pane": "2025-04-18 01:37:38 +0000",
      "black_stained_glass_pane": "2025-04-18 01:37:38 +0000",
      "cyan_stained_glass_pane": "2025-04-18 01:37:38 +0000",
      "glass_pane": "2025-04-18 01:37:38 +0000",
      "yellow_stained_glass_pane": "2025-04-18 01:37:38 +0000"
    },
    "done": true
  },
  "blazeandcave:bacap/monsters_milestone": {
    "criteria": {
      "dead_dont_die": "2025-04-18 01:37:38 +0000",
      "iron_belly": "2025-04-18 01:37:38 +0000",
      "what_a_creep": "2025-04-18 01:37:38 +0000",
      "monster_hunter": "2025-04-18 01:37:38 +0000",
      "ew_ew_ew": "2025-04-18 01:37:38 +0000",
      "poisonous_ew": "2025-04-18 01:37:38 +0000",
      "root": "2025-04-18 01:37:38 +0000",
      "boned": "2025-04-18 01:37:38 +0000",
      "witch": "2025-04-18 01:37:38 +0000",
      "aww_man": "2025-04-18 01:37:38 +0000",
      "ooh_baby": "2025-04-18 01:37:38 +0000",
      "the_ender_of_ender": "2025-04-18 01:37:38 +0000",
      "not_today_thank_you": "2025-04-18 01:37:38 +0000",
      "the_phantom_menace": "2025-04-18 01:37:38 +0000",
      "blast_shield": "2025-04-18 01:37:38 +0000",
      "spooky_skeleton": "2025-04-18 01:37:38 +0000"
    },
    "done": false
  },
  "minecraft:story/form_obsidian": {
    "criteria": {
      "obsidian": "2025-04-18 01:37:38 +0000"
    },
    "done": true
  },
  "blazeandcave:monsters/the_phantom_menace": {
    "criteria": {
      "phantom": "2025-04-18 01:37:38 +0000"
    },
    "done": true
  },
  "blazeandcave:bacap/building_milestone": {
    "criteria": {
      "what_a_pane": "2025-04-18 01:37:38 +0000",
      "barrel_rider": "2025-04-18 01:37:38 +0000",
      "smooth_dude": "2025-04-18 01:37:38 +0000",
      "classic_pocket_edition_block": "2025-04-18 01:37:38 +0000",
      "festival_of_lights": "2025-04-18 01:37:38 +0000",
      "pathways": "2025-04-18 01:37:38 +0000",
      "torched": "2025-04-18 01:37:38 +0000",
      "sharpening_station": "2025-04-18 01:37:38 +0000",
      "cut_in_half": "2025-04-18 01:37:38 +0000",
      "its_a_trap": "2025-04-18 01:37:38 +0000",
      "the_walls": "2025-04-18 01:37:38 +0000",
      "stationary_storage": "2025-04-18 01:37:38 +0000",
      "no_chain_no_gain": "2025-04-18 01:37:38 +0000",
      "its_original_form": "2025-04-18 01:37:38 +0000",
      "blast_it": "2025-04-18 01:37:38 +0000",
      "sweet_dreams": "2025-04-18 01:37:38 +0000",
      "root": "2025-04-18 01:37:38 +0000",
      "classy_glassy": "2025-04-18 01:37:38 +0000",
      "en_garde": "2025-04-18 01:37:38 +0000",
      "i_dont_like_sand": "2025-04-18 01:37:38 +0000",
      "your_door_was_locked": "2025-04-18 01:37:38 +0000",
      "stairs_no": "2025-04-18 01:37:38 +0000"
    },
    "done": false
  },
  "blazeandcave:technical/stat_branch7_mid": {
    "criteria": {
      "root": "2025-04-18 01:37:38 +0000"
    },
    "done": true
  },
  "blazeandcave:mining/good_for_your_bones": {
    "criteria": {
      "calcite": "2025-04-18 01:37:38 +0000"
    },
    "done": true
  },
  "blazeandcave:statistics/natural_sprinter": {
    "criteria": {
      "trigger": "2025-04-18 01:37:38 +0000"
    },
    "done": true
  },
  "blazeandcave:adventure/do_you_want_to_trade": {
    "criteria": {
      "village": "2025-04-18 01:37:38 +0000"
    },
    "done": true
  },
  "blazeandcave:mining/seeing_red": {
    "criteria": {
      "redstone": "2025-04-18 01:37:38 +0000"
    },
    "done": true
  },
  "blazeandcave:bacap/time_to_strike": {
    "criteria": {
      "golden_sword": "2025-04-18 01:37:38 +0000",
      "iron_sword": "2025-04-18 01:37:38 +0000",
      "netherite_sword": "2025-04-18 01:37:38 +0000",
      "wooden_sword": "2025-04-18 01:37:38 +0000",
      "stone_sword": "2025-04-18 01:37:38 +0000",
      "diamond_sword": "2025-04-18 01:37:38 +0000"
    },
    "done": true
  },
  "blazeandcave:mining/stabcraft": {
    "criteria": {
      "diamond_sword": "2025-04-18 01:37:38 +0000"
    },
    "done": true
  },
  "blazeandcave:monsters/root": {
    "criteria": {
      "sword": "2025-04-18 01:37:38 +0000"
    },
    "done": true
  },
  "blazeandcave:mining/hot_topic": {
    "criteria": {
      "furnace": "2025-04-18 01:37:38 +0000"
    },
    "done": true
  },
  "minecraft:adventure/root": {
    "criteria": {
      "killed_by_something": "2025-04-18 01:37:38 +0000",
      "killed_something": "2025-04-18 01:37:38 +0000"
    },
    "done": true
  },
  "blazeandcave:technical/stat_branch9_mid": {
    "criteria": {
      "root": "2025-04-18 01:37:38 +0000"
    },
    "done": true
  },
  "blazeandcave:redstone/quirky_quartz": {
    "criteria": {
      "quartz": "2025-04-18 01:37:38 +0000"
    },
    "done": true
  },
  "blazeandcave:adventure/deals_off": {
    "criteria": {
      "llama_hurt_player": "2025-04-18 01:37:38 +0000"
    },
    "done": true
  },
  "blazeandcave:bacap/getting_wood": {
    "criteria": {
      "dark_oak_log": "2025-04-18 01:37:38 +0000",
      "cherry_log": "2025-04-18 01:37:38 +0000",
      "oak_log": "2025-04-18 01:37:38 +0000",
      "acacia_log": "2025-04-18 01:37:38 +0000",
      "jungle_log": "2025-04-18 01:37:38 +0000",
      "mangrove_log": "2025-04-18 01:37:38 +0000",
      "pale_oak_log": "2025-04-18 01:37:38 +0000",
      "spruce_log": "2025-04-18 01:37:38 +0000",
      "birch_log": "2025-04-18 01:37:38 +0000"
    },
    "done": true
  },
  "blazeandcave:mining/iron_miner": {
    "criteria": {
      "raw_iron": "2025-04-18 01:37:38 +0000"
    },
    "done": true
  },
  "blazeandcave:animal/lead_the_way": {
    "criteria": {
      "lead": "2025-04-18 01:37:38 +0000"
    },
    "done": true
  },
  "blazeandcave:bacap/adventure_milestone": {
    "criteria": {
      "root": "2025-04-18 01:37:38 +0000",
      "do_you_want_to_trade": "2025-04-18 01:37:38 +0000",
      "deals_off": "2025-04-18 01:37:38 +0000",
      "now_youre_thinking_with_portals": "2025-04-18 01:37:38 +0000"
    },
    "done": false
  },
  "minecraft:adventure/kill_a_mob": {
    "criteria": {
      "monster_hunter": "2025-04-18 01:37:38 +0000"
    },
    "done": true
  },
  "blazeandcave:mining/not_chicken_mcnuggets": {
    "criteria": {
      "iron_nugget": "2025-04-18 01:37:38 +0000"
    },
    "done": true
  },
  "blazeandcave:mining/my_work_here_is_done": {
    "criteria": {
      "enter_gravel": "2025-04-18 01:37:38 +0000"
    },
    "done": true
  },
  "blazeandcave:statistics/spring_in_your_step": {
    "criteria": {
      "trigger": "2025-04-18 01:37:38 +0000"
    },
    "done": true
  },
  "minecraft:husbandry/plant_seed": {
    "criteria": {
      "beetroots": "2025-04-18 01:37:38 +0000",
      "pumpkin_stem": "2025-04-18 01:37:38 +0000",
      "pitcher_crop": "2025-04-18 01:37:38 +0000",
      "melon_stem": "2025-04-18 01:37:38 +0000",
      "nether_wart": "2025-04-18 01:37:38 +0000",
      "torchflower_crop": "2025-04-18 01:37:38 +0000",
      "wheat": "2025-04-18 01:37:38 +0000"
    },
    "done": true
  },
  "blazeandcave:mining/diamond_clad": {
    "criteria": {
      "diamond_armor": "2025-04-18 01:37:38 +0000"
    },
    "done": true
  },
  "blazeandcave:mining/gi_geode": {
    "criteria": {
      "amethyst_shard": "2025-04-18 01:37:38 +0000"
    },
    "done": true
  },
  "blazeandcave:mining/iron_man": {
    "criteria": {
      "iron_armor": "2025-04-18 01:37:38 +0000"
    },
    "done": true
  },
  "blazeandcave:animal/bacon": {
    "criteria": {
      "pig": "2025-04-18 01:37:38 +0000"
    },
    "done": true
  },
  "blazeandcave:bacap/time_to_dig": {
    "criteria": {
      "iron_shovel": "2025-04-18 01:37:38 +0000",
      "stone_shovel": "2025-04-18 01:37:38 +0000",
      "wooden_shovel": "2025-04-18 01:37:38 +0000",
      "netherite_shovel": "2025-04-18 01:37:38 +0000",
      "diamond_shovel": "2025-04-18 01:37:38 +0000",
      "golden_shovel": "2025-04-18 01:37:38 +0000"
    },
    "done": true
  },
  "blazeandcave:bacap/animal_milestone": {
    "criteria": {
      "so_good": "2025-04-18 01:37:38 +0000",
      "delicious_fish": "2025-04-18 03:20:46 +0000",
      "wooly": "2025-04-18 01:37:38 +0000",
      "high_steaks": "2025-04-18 01:37:38 +0000",
      "treasure_hunter": "2025-04-18 03:54:24 +0000",
      "humble_bundle": "2025-04-18 01:37:38 +0000",
      "cow_tipper": "2025-04-18 01:37:38 +0000",
      "fishy_business": "2025-04-18 03:16:54 +0000",
      "lead_the_way": "2025-04-18 01:37:38 +0000",
      "feeling_sheepish": "2025-04-18 01:37:38 +0000",
      "bacon": "2025-04-18 01:37:38 +0000",
      "pork_chop": "2025-04-18 01:37:38 +0000",
      "what_a_piece_of_junk": "2025-04-18 03:27:00 +0000",
      "tickle_time": "2025-04-18 01:37:38 +0000",
      "root": "2025-04-18 01:37:38 +0000",
      "repopulation": "2025-04-18 01:37:38 +0000",
      "which_came_first": "2025-04-18 01:37:38 +0000",
      "you_lead_ill_follow": "2025-04-18 01:37:38 +0000",
      "salmonella_poisoning": "2025-04-18 03:18:27 +0000"
    },
    "done": false
  },
  "minecraft:story/mine_diamond": {
    "criteria": {
      "diamond": "2025-04-18 01:37:38 +0000"
    },
    "done": true
  },
  "blazeandcave:building/pathways": {
    "criteria": {
      "dirt_path": "2025-04-18 01:37:38 +0000"
    },
    "done": true
  },
  "blazeandcave:mining/get_a_lode_of_this": {
    "criteria": {
      "lodestone": "2025-04-18 01:37:38 +0000"
    },
    "done": true
  },
  "blazeandcave:animal/you_lead_ill_follow": {
    "criteria": {
      "lead": "2025-04-18 01:37:38 +0000"
    },
    "done": true
  },
  "blazeandcave:weaponry/half_heart_life": {
    "criteria": {
      "trigger": "2025-04-18 01:37:38 +0000"
    },
    "done": true
  },
  "blazeandcave:nether/i_am_root": {
    "criteria": {
      "nether_roots": "2025-04-18 01:37:38 +0000"
    },
    "done": true
  },
  "minecraft:story/root": {
    "criteria": {
      "crafting_table": "2025-04-18 01:37:38 +0000"
    },
    "done": true
  },
  "blazeandcave:mining/aww_it_broke": {
    "criteria": {
      "break_tool": "2025-04-18 01:37:38 +0000"
    },
    "done": true
  },
  "blazeandcave:biomes/for_you_my_sweet": {
    "criteria": {
      "wither_rose": "2025-04-18 01:37:38 +0000",
      "pitcher_plant": "2025-04-18 01:37:38 +0000",
      "poppy": "2025-04-18 01:37:38 +0000",
      "cactus_flower": "2025-04-18 01:37:38 +0000",
      "allium": "2025-04-18 01:37:38 +0000",
      "pink_tulip": "2025-04-18 01:37:38 +0000",
      "sunflower": "2025-04-18 01:37:38 +0000",
      "dandelion": "2025-04-18 01:37:38 +0000",
      "red_tulip": "2025-04-18 01:37:38 +0000",
      "lilac": "2025-04-18 01:37:38 +0000",
      "wildflowers": "2025-04-18 01:37:38 +0000",
      "rose_bush": "2025-04-18 01:37:38 +0000",
      "torchflower": "2025-04-18 01:37:38 +0000",
      "white_tulip": "2025-04-18 01:37:38 +0000",
      "azure_bluet": "2025-04-18 01:37:38 +0000",
      "closed_eyeblossom": "2025-04-18 01:37:38 +0000",
      "cornflower": "2025-04-18 01:37:38 +0000",
      "lily_of_the_valley": "2025-04-18 01:37:38 +0000",
      "blue_orchid": "2025-04-18 01:37:38 +0000",
      "peony": "2025-04-18 01:37:38 +0000",
      "open_eyeblossom": "2025-04-18 01:37:38 +0000",
      "oxeye_daisy": "2025-04-18 01:37:38 +0000",
      "orange_tulip": "2025-04-18 01:37:38 +0000"
    },
    "done": true
  },
  "blazeandcave:building/smooth_dude": {
    "criteria": {
      "smooth_stone": "2025-04-18 01:37:38 +0000"
    },
    "done": true
  },
  "minecraft:recipes/redstone/lever": {
    "criteria": {
      "has_cobblestone": "2025-04-18 01:51:00 +0000"
    },
    "done": true
  },
  "minecraft:recipes/redstone/acacia_button": {
    "criteria": {
      "has_planks": "2025-04-18 01:50:39 +0000"
    },
    "done": true
  },
  "minecraft:recipes/building_blocks/stone_bricks": {
    "criteria": {
      "has_stone": "2025-04-18 02:10:23 +0000"
    },
    "done": true
  },
  "minecraft:recipes/building_blocks/polished_deepslate": {
    "criteria": {
      "has_cobbled_deepslate": "2025-04-18 02:31:54 +0000"
    },
    "done": true
  },
  "minecraft:recipes/decorations/ladder": {
    "criteria": {
      "has_stick": "2025-04-18 01:50:47 +0000"
    },
    "done": true
  },
  "minecraft:recipes/combat/iron_leggings": {
    "criteria": {
      "has_iron_ingot": "2025-04-18 02:23:51 +0000"
    },
    "done": true
  },
  "minecraft:recipes/building_blocks/coarse_dirt": {
    "criteria": {
      "has_gravel": "2025-04-18 02:58:06 +0000"
    },
    "done": true
  },
  "minecraft:recipes/building_blocks/deepslate_tile_stairs_from_cobbled_deepslate_stonecutting": {
    "criteria": {
      "has_cobbled_deepslate": "2025-04-18 02:31:54 +0000"
    },
    "done": true
  },
  "minecraft:recipes/building_blocks/light_gray_concrete_powder": {
    "criteria": {
      "has_gravel": "2025-04-18 02:58:06 +0000"
    },
    "done": true
  },
  "minecraft:recipes/building_blocks/pink_concrete_powder": {
    "criteria": {
      "has_gravel": "2025-04-18 02:58:06 +0000"
    },
    "done": true
  },
  "minecraft:recipes/combat/diamond_leggings": {
    "criteria": {
      "has_diamond": "2025-04-18 03:19:42 +0000"
    },
    "done": true
  },
  "minecraft:recipes/food/dried_kelp_from_smelting": {
    "criteria": {
      "has_kelp": "2025-04-18 01:55:16 +0000"
    },
    "done": true
  },
  "minecraft:recipes/decorations/fletching_table": {
    "criteria": {
      "has_flint": "2025-04-18 02:58:01 +0000"
    },
    "done": true
  },
  "minecraft:recipes/misc/iron_nugget_from_smelting": {
    "criteria": {
      "has_iron_pickaxe": "2025-04-18 02:38:11 +0000"
    },
    "done": true
  },
  "minecraft:recipes/redstone/acacia_pressure_plate": {
    "criteria": {
      "has_planks": "2025-04-18 01:50:39 +0000"
    },
    "done": true
  },
  "minecraft:recipes/redstone/birch_button": {
    "criteria": {
      "has_planks": "2025-04-18 01:51:59 +0000"
    },
    "done": true
  },
  "minecraft:recipes/combat/iron_chestplate": {
    "criteria": {
      "has_iron_ingot": "2025-04-18 02:23:51 +0000"
    },
    "done": true
  },
  "minecraft:recipes/building_blocks/red_concrete_powder": {
    "criteria": {
      "has_gravel": "2025-04-18 02:58:06 +0000"
    },
    "done": true
  },
  "blazeandcave:mining/renewable_energy": {
    "criteria": {
      "charcoal": "2025-04-18 03:19:17 +0000"
    },
    "done": true
  },
  "minecraft:recipes/building_blocks/deepslate_brick_stairs_from_cobbled_deepslate_stonecutting": {
    "criteria": {
      "has_cobbled_deepslate": "2025-04-18 02:31:54 +0000"
    },
    "done": true
  },
  "minecraft:recipes/combat/stone_sword": {
    "criteria": {
      "has_cobblestone": "2025-04-18 01:51:00 +0000"
    },
    "done": true
  },
  "minecraft:recipes/decorations/cobblestone_wall": {
    "criteria": {
      "has_cobblestone": "2025-04-18 01:51:00 +0000"
    },
    "done": true
  },
  "blazeandcave:challenges/stack_all_the_items": {
    "criteria": {
      "water_bucket": "2025-04-18 02:25:02 +0000",
      "wheat_seeds": "2025-04-18 03:39:20 +0000",
      "stone_shovel": "2025-04-18 01:57:07 +0000",
      "shears": "2025-04-18 03:20:19 +0000",
      "iron_pickaxe": "2025-04-18 02:38:11 +0000",
      "wheat": "2025-04-18 03:39:58 +0000",
      "stone_pickaxe": "2025-04-18 01:51:10 +0000",
      "stone_axe": "2025-04-18 01:51:21 +0000"
    },
    "done": false
  },
  "minecraft:husbandry/fishy_business": {
    "criteria": {
      "pufferfish": "2025-04-18 03:16:53 +0000",
      "salmon": "2025-04-18 03:16:53 +0000",
      "cod": "2025-04-18 03:16:53 +0000",
      "tropical_fish": "2025-04-18 03:16:53 +0000"
    },
    "done": true
  },
  "minecraft:recipes/food/dried_kelp_from_campfire_cooking": {
    "criteria": {
      "has_kelp": "2025-04-18 01:55:16 +0000"
    },
    "done": true
  },
  "minecraft:recipes/building_blocks/polished_diorite": {
    "criteria": {
      "has_diorite": "2025-04-18 02:05:19 +0000"
    },
    "done": true
  },
  "minecraft:recipes/tools/stone_axe": {
    "criteria": {
      "has_cobblestone": "2025-04-18 01:51:00 +0000"
    },
    "done": true
  },
  "minecraft:recipes/building_blocks/raw_iron_block": {
    "criteria": {
      "has_raw_iron": "2025-04-18 02:14:48 +0000"
    },
    "done": true
  },
  "blazeandcave:building/the_acacia_king": {
    "criteria": {
      "acacia_log": "2025-04-18 01:49:52 +0000",
      "acacia_planks": "2025-04-18 01:50:39 +0000"
    },
    "done": false
  },
  "minecraft:recipes/misc/iron_nugget": {
    "criteria": {
      "has_iron_ingot": "2025-04-18 02:23:51 +0000"
    },
    "done": true
  },
  "minecraft:recipes/building_blocks/brown_concrete_powder": {
    "criteria": {
      "has_gravel": "2025-04-18 02:58:06 +0000"
    },
    "done": true
  },
  "minecraft:recipes/combat/diamond_sword": {
    "criteria": {
      "has_diamond": "2025-04-18 03:19:42 +0000"
    },
    "done": true
  },
  "minecraft:recipes/decorations/jukebox": {
    "criteria": {
      "has_diamond": "2025-04-18 03:19:42 +0000"
    },
    "done": true
  },
  "blazeandcave:technical/bacap_branch_end": {
    "criteria": {
      "crafting_table": "2025-04-18 02:07:07 +0000"
    },
    "done": true
  },
  "minecraft:recipes/misc/bucket": {
    "criteria": {
      "has_iron_ingot": "2025-04-18 02:23:51 +0000"
    },
    "done": true
  },
  "minecraft:recipes/building_blocks/diorite_slab": {
    "criteria": {
      "has_diorite": "2025-04-18 02:05:19 +0000"
    },
    "done": true
  },
  "minecraft:recipes/building_blocks/light_blue_concrete_powder": {
    "criteria": {
      "has_gravel": "2025-04-18 02:58:06 +0000"
    },
    "done": true
  },
  "blazeandcave:animal/delicious_fish": {
    "criteria": {
      "cooked_cod": "2025-04-18 03:20:45 +0000",
      "cooked_salmon": "2025-04-18 03:20:45 +0000"
    },
    "done": true
  },
  "minecraft:recipes/combat/iron_helmet": {
    "criteria": {
      "has_iron_ingot": "2025-04-18 02:23:51 +0000"
    },
    "done": true
  },
  "minecraft:recipes/combat/bow": {
    "criteria": {
      "has_string": "2025-04-18 01:53:56 +0000"
    },
    "done": true
  },
  "minecraft:recipes/building_blocks/acacia_slab": {
    "criteria": {
      "has_planks": "2025-04-18 01:50:39 +0000"
    },
    "done": true
  },
  "minecraft:recipes/combat/diamond_chestplate": {
    "criteria": {
      "has_diamond": "2025-04-18 03:19:42 +0000"
    },
    "done": true
  },
  "minecraft:recipes/decorations/furnace": {
    "criteria": {
      "has_cobblestone": "2025-04-18 01:51:00 +0000"
    },
    "done": true
  },
  "minecraft:recipes/transportation/minecart": {
    "criteria": {
      "has_iron_ingot": "2025-04-18 02:23:51 +0000"
    },
    "done": true
  },
  "minecraft:recipes/building_blocks/andesite_stairs": {
    "criteria": {
      "has_andesite": "2025-04-18 02:07:50 +0000"
    },
    "done": true
  },
  "minecraft:recipes/tools/iron_hoe": {
    "criteria": {
      "has_iron_ingot": "2025-04-18 02:23:51 +0000"
    },
    "done": true
  },
  "minecraft:recipes/redstone/redstone_torch": {
    "criteria": {
      "has_redstone": "2025-04-18 02:38:15 +0000"
    },
    "done": true
  },
  "minecraft:recipes/building_blocks/green_concrete_powder": {
    "criteria": {
      "has_gravel": "2025-04-18 02:58:06 +0000"
    },
    "done": true
  },
  "blazeandcave:adventure/raidin_master": {
    "criteria": {
      "ruined_portal": "2025-04-18 01:51:39 +0000"
    },
    "done": false
  },
  "minecraft:recipes/tools/clock": {
    "criteria": {
      "has_redstone": "2025-04-18 02:38:15 +0000"
    },
    "done": true
  },
  "minecraft:recipes/redstone/birch_door": {
    "criteria": {
      "has_planks": "2025-04-18 01:51:59 +0000"
    },
    "done": true
  },
  "minecraft:recipes/decorations/birch_fence": {
    "criteria": {
      "has_planks": "2025-04-18 01:51:59 +0000"
    },
    "done": true
  },
  "minecraft:recipes/tools/wooden_axe": {
    "criteria": {
      "has_stick": "2025-04-18 01:50:47 +0000"
    },
    "done": true
  },
  "minecraft:recipes/building_blocks/stone_bricks_from_stone_stonecutting": {
    "criteria": {
      "has_stone": "2025-04-18 02:10:23 +0000"
    },
    "done": true
  },
  "minecraft:recipes/building_blocks/stone_slab": {
    "criteria": {
      "has_stone": "2025-04-18 02:10:23 +0000"
    },
    "done": true
  },
  "minecraft:recipes/combat/arrow": {
    "criteria": {
      "has_flint": "2025-04-18 02:58:01 +0000"
    },
    "done": true
  },
  "minecraft:recipes/building_blocks/blue_concrete_powder": {
    "criteria": {
      "has_gravel": "2025-04-18 02:58:06 +0000"
    },
    "done": true
  },
  "minecraft:recipes/building_blocks/granite_slab_from_granite_stonecutting": {
    "criteria": {
      "has_granite": "2025-04-18 02:25:44 +0000"
    },
    "done": true
  },
  "minecraft:recipes/redstone/acacia_trapdoor": {
    "criteria": {
      "has_planks": "2025-04-18 01:50:39 +0000"
    },
    "done": true
  },
  "blazeandcave:biomes/dolphin_dasher": {
    "criteria": {
      "dolphins_grace": "2025-04-18 03:22:55 +0000"
    },
    "done": true
  },
  "minecraft:recipes/decorations/andesite_wall_from_andesite_stonecutting": {
    "criteria": {
      "has_andesite": "2025-04-18 02:07:50 +0000"
    },
    "done": true
  },
  "blazeandcave:farming/kelp_me": {
    "criteria": {
      "kelp": "2025-04-18 01:55:16 +0000"
    },
    "done": true
  },
  "minecraft:recipes/tools/fishing_rod": {
    "criteria": {
      "has_string": "2025-04-18 01:53:56 +0000"
    },
    "done": true
  },
  "minecraft:recipes/decorations/smoker": {
    "criteria": {
      "has_furnace": "2025-04-18 02:07:28 +0000"
    },
    "done": true
  },
  "minecraft:recipes/building_blocks/chiseled_deepslate_from_cobbled_deepslate_stonecutting": {
    "criteria": {
      "has_cobbled_deepslate": "2025-04-18 02:31:54 +0000"
    },
    "done": true
  },
  "minecraft:recipes/decorations/chest": {
    "criteria": {
      "has_lots_of_items": "2025-04-18 01:55:16 +0000"
    },
    "done": true
  },
  "minecraft:recipes/building_blocks/cobbled_deepslate_slab": {
    "criteria": {
      "has_cobbled_deepslate": "2025-04-18 02:31:54 +0000"
    },
    "done": true
  },
  "minecraft:recipes/tools/shears": {
    "criteria": {
      "has_iron_ingot": "2025-04-18 02:23:51 +0000"
    },
    "done": true
  },
  "minecraft:recipes/misc/stick": {
    "criteria": {
      "has_planks": "2025-04-18 01:50:39 +0000"
    },
    "done": true
  },
  "blazeandcave:weaponry/axeman": {
    "criteria": {
      "stone_axe": "2025-04-18 01:53:53 +0000"
    },
    "done": false
  },
  "minecraft:recipes/decorations/cobbled_deepslate_wall_from_cobbled_deepslate_stonecutting": {
    "criteria": {
      "has_cobbled_deepslate": "2025-04-18 02:31:54 +0000"
    },
    "done": true
  },
  "minecraft:recipes/building_blocks/stone_stairs_from_stone_stonecutting": {
    "criteria": {
      "has_stone": "2025-04-18 02:10:23 +0000"
    },
    "done": true
  },
  "blazeandcave:challenges/all_the_blocks": {
    "criteria": {
      "chest": "2025-04-18 02:43:21 +0000",
      "birch_planks": "2025-04-18 01:51:59 +0000",
      "furnace": "2025-04-18 02:07:28 +0000",
      "crafting_table": "2025-04-18 02:07:07 +0000",
      "stone_stairs": "2025-04-18 03:28:42 +0000",
      "dirt": "2025-04-18 01:56:56 +0000",
      "dried_kelp_block": "2025-04-18 03:35:57 +0000",
      "torch": "2025-04-18 01:57:33 +0000",
      "acacia_planks": "2025-04-18 01:50:39 +0000",
      "stone": "2025-04-18 02:10:23 +0000",
      "gravel": "2025-04-18 02:58:06 +0000",
      "glow_lichen": "2025-04-18 03:20:21 +0000",
      "cobblestone": "2025-04-18 01:51:00 +0000",
      "granite": "2025-04-18 02:25:44 +0000",
      "acacia_log": "2025-04-18 01:49:52 +0000",
      "acacia_sapling": "2025-04-18 01:53:39 +0000",
      "stonecutter": "2025-04-18 03:27:32 +0000",
      "cobbled_deepslate": "2025-04-18 02:31:54 +0000",
      "andesite": "2025-04-18 02:07:50 +0000",
      "diorite": "2025-04-18 02:05:19 +0000"
    },
    "done": false
  },
  "minecraft:recipes/building_blocks/cobblestone_slab_from_cobblestone_stonecutting": {
    "criteria": {
      "has_cobblestone": "2025-04-18 01:51:00 +0000"
    },
    "done": true
  },
  "blazeandcave:weaponry/multiclassed": {
    "criteria": {
      "axe": "2025-04-18 01:53:53 +0000"
    },
    "done": false
  },
  "minecraft:recipes/building_blocks/polished_andesite_slab_from_andesite_stonecutting": {
    "criteria": {
      "has_andesite": "2025-04-18 02:07:50 +0000"
    },
    "done": true
  },
  "minecraft:recipes/decorations/birch_sign": {
    "criteria": {
      "has_planks": "2025-04-18 01:51:59 +0000"
    },
    "done": true
  },
  "minecraft:recipes/transportation/cherry_boat": {
    "criteria": {
      "in_water": "2025-04-18 01:52:25 +0000"
    },
    "done": true
  },
  "minecraft:recipes/building_blocks/white_concrete_powder": {
    "criteria": {
      "has_gravel": "2025-04-18 02:58:06 +0000"
    },
    "done": true
  },
  "minecraft:recipes/tools/diamond_pickaxe": {
    "criteria": {
      "has_diamond": "2025-04-18 03:19:42 +0000"
    },
    "done": true
  },
  "minecraft:adventure/kill_all_mobs": {
    "criteria": {
      "minecraft:skeleton": "2025-04-18 03:33:35 +0000",
      "minecraft:spider": "2025-04-18 01:53:55 +0000"
    },
    "done": false
  },
  "blazeandcave:building/professor_birch": {
    "criteria": {
      "birch_planks": "2025-04-18 01:51:59 +0000"
    },
    "done": false
  },
  "minecraft:recipes/decorations/granite_wall_from_granite_stonecutting": {
    "criteria": {
      "has_granite": "2025-04-18 02:25:44 +0000"
    },
    "done": true
  },
  "minecraft:recipes/decorations/chain": {
    "criteria": {
      "has_iron_ingot": "2025-04-18 02:23:51 +0000"
    },
    "done": true
  },
  "minecraft:recipes/building_blocks/iron_block": {
    "criteria": {
      "has_iron_ingot": "2025-04-18 02:23:51 +0000"
    },
    "done": true
  },
  "minecraft:recipes/redstone/tripwire_hook": {
    "criteria": {
      "has_string": "2025-04-18 01:53:56 +0000"
    },
    "done": true
  },
  "minecraft:recipes/misc/bone_meal": {
    "criteria": {
      "has_bone": "2025-04-18 03:33:36 +0000"
    },
    "done": true
  },
  "minecraft:recipes/redstone/birch_fence_gate": {
    "criteria": {
      "has_planks": "2025-04-18 01:51:59 +0000"
    },
    "done": true
  },
  "minecraft:recipes/redstone/stone_button": {
    "criteria": {
      "has_stone": "2025-04-18 02:10:23 +0000"
    },
    "done": true
  },
  "minecraft:recipes/decorations/cobbled_deepslate_wall": {
    "criteria": {
      "has_cobbled_deepslate": "2025-04-18 02:31:54 +0000"
    },
    "done": true
  },
  "minecraft:recipes/decorations/polished_deepslate_wall_from_cobbled_deepslate_stonecutting": {
    "criteria": {
      "has_cobbled_deepslate": "2025-04-18 02:31:54 +0000"
    },
    "done": true
  },
  "minecraft:recipes/decorations/diorite_wall": {
    "criteria": {
      "has_diorite": "2025-04-18 02:05:19 +0000"
    },
    "done": true
  },
  "minecraft:recipes/building_blocks/stone": {
    "criteria": {
      "has_cobblestone": "2025-04-18 01:51:00 +0000"
    },
    "done": true
  },
  "minecraft:recipes/decorations/stonecutter": {
    "criteria": {
      "has_stone": "2025-04-18 02:10:23 +0000"
    },
    "done": true
  },
  "minecraft:recipes/transportation/bamboo_raft": {
    "criteria": {
      "in_water": "2025-04-18 01:52:25 +0000"
    },
    "done": true
  },
  "minecraft:recipes/decorations/smithing_table": {
    "criteria": {
      "has_iron_ingot": "2025-04-18 02:23:51 +0000"
    },
    "done": true
  },
  "minecraft:recipes/redstone/stone_pressure_plate": {
    "criteria": {
      "has_stone": "2025-04-18 02:10:23 +0000"
    },
    "done": true
  },
  "blazeandcave:building/deepslate_conspiracy": {
    "criteria": {
      "cobbled_deepslate": "2025-04-18 02:31:54 +0000"
    },
    "done": false
  },
  "minecraft:recipes/building_blocks/acacia_stairs": {
    "criteria": {
      "has_planks": "2025-04-18 01:50:39 +0000"
    },
    "done": true
  },
  "minecraft:recipes/decorations/candle": {
    "criteria": {
      "has_string": "2025-04-18 01:53:56 +0000"
    },
    "done": true
  },
  "minecraft:recipes/food/bread": {
    "criteria": {
      "has_wheat": "2025-04-18 03:39:00 +0000"
    },
    "done": true
  },
  "minecraft:recipes/building_blocks/smooth_stone": {
    "criteria": {
      "has_stone": "2025-04-18 02:10:23 +0000"
    },
    "done": true
  },
  "minecraft:recipes/transportation/spruce_boat": {
    "criteria": {
      "in_water": "2025-04-18 01:52:25 +0000"
    },
    "done": true
  },
  "minecraft:recipes/building_blocks/polished_granite_from_granite_stonecutting": {
    "criteria": {
      "has_granite": "2025-04-18 02:25:44 +0000"
    },
    "done": true
  },
  "minecraft:recipes/building_blocks/birch_slab": {
    "criteria": {
      "has_planks": "2025-04-18 01:51:59 +0000"
    },
    "done": true
  },
  "minecraft:recipes/redstone/note_block": {
    "criteria": {
      "has_redstone": "2025-04-18 02:38:15 +0000"
    },
    "done": true
  },
  "minecraft:recipes/building_blocks/hay_block": {
    "criteria": {
      "has_wheat": "2025-04-18 03:39:00 +0000"
    },
    "done": true
  },
  "blazeandcave:redstone/engineer": {
    "criteria": {
      "chest": "2025-04-18 02:43:21 +0000",
      "furnace": "2025-04-18 02:07:28 +0000",
      "string": "2025-04-18 01:53:56 +0000",
      "redstone": "2025-04-18 02:38:15 +0000"
    },
    "done": false
  },
  "minecraft:recipes/redstone/target": {
    "criteria": {
      "has_redstone": "2025-04-18 02:38:15 +0000"
    },
    "done": true
  },
  "minecraft:recipes/transportation/birch_boat": {
    "criteria": {
      "in_water": "2025-04-18 01:52:25 +0000"
    },
    "done": true
  },
  "minecraft:recipes/building_blocks/cobbled_deepslate_stairs_from_cobbled_deepslate_stonecutting": {
    "criteria": {
      "has_cobbled_deepslate": "2025-04-18 02:31:54 +0000"
    },
    "done": true
  },
  "minecraft:recipes/redstone/acacia_door": {
    "criteria": {
      "has_planks": "2025-04-18 01:50:39 +0000"
    },
    "done": true
  },
  "minecraft:recipes/tools/diamond_hoe": {
    "criteria": {
      "has_diamond": "2025-04-18 03:19:42 +0000"
    },
    "done": true
  },
  "minecraft:recipes/tools/diamond_shovel": {
    "criteria": {
      "has_diamond": "2025-04-18 03:19:42 +0000"
    },
    "done": true
  },
  "minecraft:recipes/building_blocks/deepslate": {
    "criteria": {
      "has_cobbled_deepslate": "2025-04-18 02:31:54 +0000"
    },
    "done": true
  },
  "minecraft:recipes/building_blocks/granite_slab": {
    "criteria": {
      "has_granite": "2025-04-18 02:25:44 +0000"
    },
    "done": true
  },
  "minecraft:recipes/transportation/oak_boat": {
    "criteria": {
      "in_water": "2025-04-18 01:52:25 +0000"
    },
    "done": true
  },
  "minecraft:recipes/misc/paper": {
    "criteria": {
      "has_reeds": "2025-04-18 03:38:47 +0000"
    },
    "done": true
  },
  "minecraft:recipes/building_blocks/polished_diorite_stairs_from_diorite_stonecutting": {
    "criteria": {
      "has_diorite": "2025-04-18 02:05:19 +0000"
    },
    "done": true
  },
  "blazeandcave:building/rock_collection": {
    "criteria": {
      "cobblestone": "2025-04-18 01:51:00 +0000",
      "granite": "2025-04-18 02:25:44 +0000",
      "cobbled_deepslate": "2025-04-18 02:31:54 +0000",
      "andesite": "2025-04-18 02:07:50 +0000",
      "diorite": "2025-04-18 02:05:19 +0000"
    },
    "done": false
  },
  "minecraft:recipes/building_blocks/andesite_slab_from_andesite_stonecutting": {
    "criteria": {
      "has_andesite": "2025-04-18 02:07:50 +0000"
    },
    "done": true
  },
  "minecraft:recipes/redstone/acacia_fence_gate": {
    "criteria": {
      "has_planks": "2025-04-18 01:50:39 +0000"
    },
    "done": true
  },
  "minecraft:recipes/building_blocks/coal_block": {
    "criteria": {
      "has_coal": "2025-04-18 02:00:44 +0000"
    },
    "done": true
  },
  "minecraft:recipes/building_blocks/polished_deepslate_stairs_from_cobbled_deepslate_stonecutting": {
    "criteria": {
      "has_cobbled_deepslate": "2025-04-18 02:31:54 +0000"
    },
    "done": true
  },
  "minecraft:recipes/decorations/lodestone": {
    "criteria": {
      "has_iron_ingot": "2025-04-18 02:23:51 +0000"
    },
    "done": true
  },
  "minecraft:recipes/tools/compass": {
    "criteria": {
      "has_redstone": "2025-04-18 02:38:15 +0000"
    },
    "done": true
  },
  "minecraft:recipes/building_blocks/birch_stairs": {
    "criteria": {
      "has_planks": "2025-04-18 01:51:59 +0000"
    },
    "done": true
  },
  "minecraft:recipes/decorations/stone_brick_walls_from_stone_stonecutting": {
    "criteria": {
      "has_stone": "2025-04-18 02:10:23 +0000"
    },
    "done": true
  },
  "minecraft:recipes/combat/diamond_boots": {
    "criteria": {
      "has_diamond": "2025-04-18 03:19:42 +0000"
    },
    "done": true
  },
  "minecraft:recipes/combat/iron_sword": {
    "criteria": {
      "has_iron_ingot": "2025-04-18 02:23:51 +0000"
    },
    "done": true
  },
  "minecraft:recipes/building_blocks/lime_concrete_powder": {
    "criteria": {
      "has_gravel": "2025-04-18 02:58:06 +0000"
    },
    "done": true
  },
  "minecraft:recipes/tools/iron_pickaxe": {
    "criteria": {
      "has_iron_ingot": "2025-04-18 02:23:51 +0000"
    },
    "done": true
  },
  "minecraft:recipes/transportation/mangrove_boat": {
    "criteria": {
      "in_water": "2025-04-18 01:52:25 +0000"
    },
    "done": true
  },
  "minecraft:recipes/decorations/torch": {
    "criteria": {
      "has_stone_pickaxe": "2025-04-18 01:51:10 +0000"
    },
    "done": true
  },
  "minecraft:recipes/building_blocks/stone_brick_slab_from_stone_stonecutting": {
    "criteria": {
      "has_stone": "2025-04-18 02:10:23 +0000"
    },
    "done": true
  },
  "minecraft:recipes/combat/shield": {
    "criteria": {
      "has_iron_ingot": "2025-04-18 02:23:51 +0000"
    },
    "done": true
  },
  "minecraft:recipes/food/dried_kelp_from_smoking": {
    "criteria": {
      "has_kelp": "2025-04-18 01:55:16 +0000"
    },
    "done": true
  },
  "minecraft:recipes/redstone/hopper": {
    "criteria": {
      "has_iron_ingot": "2025-04-18 02:23:51 +0000"
    },
    "done": true
  },
  "minecraft:recipes/building_blocks/andesite_stairs_from_andesite_stonecutting": {
    "criteria": {
      "has_andesite": "2025-04-18 02:07:50 +0000"
    },
    "done": true
  },
  "minecraft:recipes/decorations/iron_bars": {
    "criteria": {
      "has_iron_ingot": "2025-04-18 02:23:51 +0000"
    },
    "done": true
  },
  "minecraft:recipes/decorations/deepslate_brick_wall_from_cobbled_deepslate_stonecutting": {
    "criteria": {
      "has_cobbled_deepslate": "2025-04-18 02:31:54 +0000"
    },
    "done": true
  },
  "minecraft:recipes/building_blocks/stone_brick_stairs_from_stone_stonecutting": {
    "criteria": {
      "has_stone": "2025-04-18 02:10:23 +0000"
    },
    "done": true
  },
  "blazeandcave:animal/salmonella_poisoning": {
    "criteria": {
      "salmon": "2025-04-18 03:18:26 +0000"
    },
    "done": true
  },
  "minecraft:recipes/building_blocks/polished_deepslate_from_cobbled_deepslate_stonecutting": {
    "criteria": {
      "has_cobbled_deepslate": "2025-04-18 02:31:54 +0000"
    },
    "done": true
  },
  "minecraft:recipes/building_blocks/polished_deepslate_slab_from_cobbled_deepslate_stonecutting": {
    "criteria": {
      "has_cobbled_deepslate": "2025-04-18 02:31:54 +0000"
    },
    "done": true
  },
  "blazeandcave:building/yay_i_got_my_wood": {
    "criteria": {
      "acacia_log": "2025-04-18 01:49:52 +0000"
    },
    "done": false
  },
  "minecraft:recipes/building_blocks/orange_concrete_powder": {
    "criteria": {
      "has_gravel": "2025-04-18 02:58:06 +0000"
    },
    "done": true
  },
  "minecraft:recipes/building_blocks/granite_stairs": {
    "criteria": {
      "has_granite": "2025-04-18 02:25:44 +0000"
    },
    "done": true
  },
  "minecraft:recipes/building_blocks/diorite_stairs_from_diorite_stonecutting": {
    "criteria": {
      "has_diorite": "2025-04-18 02:05:19 +0000"
    },
    "done": true
  },
  "blazeandcave:mining/lichen_subscribe": {
    "criteria": {
      "glow_lichen": "2025-04-18 03:20:21 +0000"
    },
    "done": true
  },
  "minecraft:recipes/combat/iron_boots": {
    "criteria": {
      "has_iron_ingot": "2025-04-18 02:23:51 +0000"
    },
    "done": true
  },
  "blazeandcave:farming/come_to_the_countryside": {
    "criteria": {
      "wheat": "2025-04-18 03:39:07 +0000"
    },
    "done": false
  },
  "minecraft:recipes/building_blocks/granite_stairs_from_granite_stonecutting": {
    "criteria": {
      "has_granite": "2025-04-18 02:25:44 +0000"
    },
    "done": true
  },
  "minecraft:recipes/misc/iron_ingot_from_smelting_raw_iron": {
    "criteria": {
      "has_raw_iron": "2025-04-18 02:14:48 +0000"
    },
    "done": true
  },
  "minecraft:recipes/tools/stone_pickaxe": {
    "criteria": {
      "has_cobblestone": "2025-04-18 01:51:00 +0000"
    },
    "done": true
  },
  "minecraft:recipes/building_blocks/deepslate_brick_slab_from_cobbled_deepslate_stonecutting": {
    "criteria": {
      "has_cobbled_deepslate": "2025-04-18 02:31:54 +0000"
    },
    "done": true
  },
  "minecraft:recipes/building_blocks/dried_kelp_block": {
    "criteria": {
      "has_dried_kelp": "2025-04-18 03:35:47 +0000"
    },
    "done": true
  },
  "minecraft:recipes/decorations/acacia_sign": {
    "criteria": {
      "has_planks": "2025-04-18 01:50:39 +0000"
    },
    "done": true
  },
  "minecraft:recipes/decorations/lantern": {
    "criteria": {
      "has_iron_ingot": "2025-04-18 02:23:51 +0000"
    },
    "done": true
  },
  "minecraft:recipes/building_blocks/cobbled_deepslate_slab_from_cobbled_deepslate_stonecutting": {
    "criteria": {
      "has_cobbled_deepslate": "2025-04-18 02:31:54 +0000"
    },
    "done": true
  },
  "minecraft:recipes/building_blocks/magenta_concrete_powder": {
    "criteria": {
      "has_gravel": "2025-04-18 02:58:06 +0000"
    },
    "done": true
  },
  "minecraft:recipes/decorations/campfire": {
    "criteria": {
      "has_stick": "2025-04-18 01:50:47 +0000"
    },
    "done": true
  },
  "minecraft:recipes/building_blocks/stone_slab_from_stone_stonecutting": {
    "criteria": {
      "has_stone": "2025-04-18 02:10:23 +0000"
    },
    "done": true
  },
  "minecraft:recipes/building_blocks/deepslate_tile_slab_from_cobbled_deepslate_stonecutting": {
    "criteria": {
      "has_cobbled_deepslate": "2025-04-18 02:31:54 +0000"
    },
    "done": true
  },
  "minecraft:recipes/tools/flint_and_steel": {
    "criteria": {
      "has_flint": "2025-04-18 02:58:01 +0000"
    },
    "done": true
  },
  "minecraft:recipes/misc/sugar_from_sugar_cane": {
    "criteria": {
      "has_sugar_cane": "2025-04-18 03:38:47 +0000"
    },
    "done": true
  },
  "minecraft:recipes/tools/wooden_hoe": {
    "criteria": {
      "has_stick": "2025-04-18 01:50:47 +0000"
    },
    "done": true
  },
  "minecraft:recipes/decorations/granite_wall": {
    "criteria": {
      "has_granite": "2025-04-18 02:25:44 +0000"
    },
    "done": true
  },
  "minecraft:recipes/decorations/diorite_wall_from_diorite_stonecutting": {
    "criteria": {
      "has_diorite": "2025-04-18 02:05:19 +0000"
    },
    "done": true
  },
  "blazeandcave:mining/weve_broken_our_last_shovel": {
    "criteria": {
      "stone_shovel": "2025-04-18 02:05:31 +0000"
    },
    "done": false
  },
  "minecraft:recipes/misc/charcoal": {
    "criteria": {
      "has_log": "2025-04-18 01:49:52 +0000"
    },
    "done": true
  },
  "minecraft:recipes/tools/wooden_pickaxe": {
    "criteria": {
      "has_stick": "2025-04-18 01:50:47 +0000"
    },
    "done": true
  },
  "minecraft:recipes/building_blocks/cobbled_deepslate_stairs": {
    "criteria": {
      "has_cobbled_deepslate": "2025-04-18 02:31:54 +0000"
    },
    "done": true
  },
  "minecraft:recipes/building_blocks/polished_granite_slab_from_granite_stonecutting": {
    "criteria": {
      "has_granite": "2025-04-18 02:25:44 +0000"
    },
    "done": true
  },
  "minecraft:recipes/building_blocks/polished_andesite_from_andesite_stonecutting": {
    "criteria": {
      "has_andesite": "2025-04-18 02:07:50 +0000"
    },
    "done": true
  },
  "minecraft:recipes/tools/iron_shovel": {
    "criteria": {
      "has_iron_ingot": "2025-04-18 02:23:51 +0000"
    },
    "done": true
  },
  "minecraft:recipes/combat/diamond_helmet": {
    "criteria": {
      "has_diamond": "2025-04-18 03:19:42 +0000"
    },
    "done": true
  },
  "blazeandcave:challenges/all_the_items": {
    "criteria": {
      "water_bucket": "2025-04-18 02:25:02 +0000",
      "raw_iron": "2025-04-18 02:14:48 +0000",
      "string": "2025-04-18 01:53:56 +0000",
      "arrow": "2025-04-18 03:33:39 +0000",
      "cooked_beef": "2025-04-18 01:46:47 +0000",
      "iron_ingot": "2025-04-18 02:23:51 +0000",
      "shears": "2025-04-18 03:20:19 +0000",
      "cooked_cod": "2025-04-18 03:32:31 +0000",
      "iron_pickaxe": "2025-04-18 02:38:11 +0000",
      "stick": "2025-04-18 01:50:47 +0000",
      "wheat": "2025-04-18 03:39:00 +0000",
      "stone_pickaxe": "2025-04-18 01:51:10 +0000",
      "wheat_seeds": "2025-04-18 01:56:31 +0000",
      "stone_shovel": "2025-04-18 01:57:07 +0000",
      "bread": "2025-04-18 03:40:35 +0000",
      "dried_kelp": "2025-04-18 03:35:47 +0000",
      "bone": "2025-04-18 03:33:36 +0000",
      "kelp": "2025-04-18 01:55:16 +0000",
      "bucket": "2025-04-18 02:24:39 +0000",
      "diamond": "2025-04-18 03:19:42 +0000",
      "sugar_cane": "2025-04-18 03:38:47 +0000",
      "flint": "2025-04-18 02:58:01 +0000",
      "coal": "2025-04-18 02:00:44 +0000",
      "cooked_salmon": "2025-04-18 03:32:32 +0000",
      "stone_axe": "2025-04-18 01:51:21 +0000",
      "redstone": "2025-04-18 02:38:15 +0000"
    },
    "done": false
  },
  "blazeandcave:adventure/town_planner": {
    "criteria": {
      "stonecutter": "2025-04-18 03:28:31 +0000"
    },
    "done": false
  },
  "minecraft:recipes/building_blocks/andesite": {
    "criteria": {
      "has_stone": "2025-04-18 02:05:19 +0000"
    },
    "done": true
  },
  "blazeandcave:monsters/night_runner": {
    "criteria": {
      "skeleton": "2025-04-18 03:33:35 +0000",
      "spider": "2025-04-18 01:53:55 +0000"
    },
    "done": false
  },
  "minecraft:recipes/redstone/dropper": {
    "criteria": {
      "has_redstone": "2025-04-18 02:38:15 +0000"
    },
    "done": true
  },
  "blazeandcave:weaponry/indiana_jones": {
    "criteria": {
      "indiana_jones": "2025-04-18 03:34:17 +0000"
    },
    "done": true
  },
  "blazeandcave:technical/fail_dragon_vs": {
    "criteria": {
      "enter_water": "2025-04-18 01:52:25 +0000"
    },
    "done": true
  },
  "blazeandcave:mining/moar_broken_tools": {
    "criteria": {
      "stone_shovel": "2025-04-18 02:05:31 +0000",
      "iron_pickaxe": "2025-04-18 03:26:37 +0000",
      "stone_pickaxe": "2025-04-18 02:06:58 +0000"
    },
    "done": false
  },
  "minecraft:recipes/building_blocks/polished_andesite": {
    "criteria": {
      "has_andesite": "2025-04-18 02:07:50 +0000"
    },
    "done": true
  },
  "minecraft:recipes/building_blocks/polished_granite": {
    "criteria": {
      "has_granite": "2025-04-18 02:25:44 +0000"
    },
    "done": true
  },
  "minecraft:recipes/redstone/birch_trapdoor": {
    "criteria": {
      "has_planks": "2025-04-18 01:51:59 +0000"
    },
    "done": true
  },
  "blazeandcave:farming/ecologist": {
    "criteria": {
      "acacia_sapling": "2025-04-18 01:53:46 +0000"
    },
    "done": false
  },
  "blazeandcave:animal/treasure_hunter": {
    "criteria": {
      "saddle": "2025-04-18 03:54:23 +0000",
      "bow": "2025-04-18 03:54:23 +0000",
      "name_tag": "2025-04-18 03:54:23 +0000",
      "nautilus_shell": "2025-04-18 03:54:23 +0000",
      "enchanted_book": "2025-04-18 03:54:23 +0000"
    },
    "done": true
  },
  "blazeandcave:farming/aquatic_biofuel": {
    "criteria": {
      "dried_kelp_block": "2025-04-18 03:25:29 +0000"
    },
    "done": true
  },
  "minecraft:recipes/building_blocks/yellow_concrete_powder": {
    "criteria": {
      "has_gravel": "2025-04-18 02:58:06 +0000"
    },
    "done": true
  },
  "minecraft:recipes/building_blocks/chiseled_stone_bricks_stone_from_stonecutting": {
    "criteria": {
      "has_stone": "2025-04-18 02:10:23 +0000"
    },
    "done": true
  },
  "minecraft:recipes/tools/wooden_shovel": {
    "criteria": {
      "has_stick": "2025-04-18 01:50:47 +0000"
    },
    "done": true
  },
  "minecraft:recipes/building_blocks/cobblestone_slab": {
    "criteria": {
      "has_cobblestone": "2025-04-18 01:51:00 +0000"
    },
    "done": true
  },
  "minecraft:recipes/decorations/acacia_fence": {
    "criteria": {
      "has_planks": "2025-04-18 01:50:39 +0000"
    },
    "done": true
  },
  "minecraft:recipes/brewing/cauldron": {
    "criteria": {
      "has_water_bucket": "2025-04-18 02:25:02 +0000"
    },
    "done": true
  },
  "minecraft:recipes/transportation/acacia_boat": {
    "criteria": {
      "in_water": "2025-04-18 01:52:25 +0000"
    },
    "done": true
  },
  "minecraft:recipes/redstone/iron_trapdoor": {
    "criteria": {
      "has_iron_ingot": "2025-04-18 02:23:51 +0000"
    },
    "done": true
  },
  "minecraft:recipes/building_blocks/white_wool_from_string": {
    "criteria": {
      "has_string": "2025-04-18 01:53:56 +0000"
    },
    "done": true
  },
  "minecraft:recipes/redstone/redstone_block": {
    "criteria": {
      "has_redstone": "2025-04-18 02:38:15 +0000"
    },
    "done": true
  },
  "blazeandcave:animal/what_a_piece_of_junk": {
    "criteria": {
      "lily_pad": "2025-04-18 03:26:59 +0000",
      "bamboo": "2025-04-18 03:26:59 +0000",
      "leather_boots": "2025-04-18 03:26:59 +0000",
      "potion": "2025-04-18 03:26:59 +0000",
      "rotten_flesh": "2025-04-18 03:26:59 +0000",
      "string": "2025-04-18 03:26:59 +0000",
      "tripwire_hook": "2025-04-18 03:26:59 +0000",
      "ink_sac": "2025-04-18 03:26:59 +0000",
      "bone": "2025-04-18 03:26:59 +0000",
      "stick": "2025-04-18 03:26:59 +0000",
      "bowl": "2025-04-18 03:26:59 +0000",
      "leather": "2025-04-18 03:26:59 +0000"
    },
    "done": true
  },
  "minecraft:recipes/decorations/deepslate_tile_wall_from_cobbled_deepslate_stonecutting": {
    "criteria": {
      "has_cobbled_deepslate": "2025-04-18 02:31:54 +0000"
    },
    "done": true
  },
  "minecraft:recipes/misc/iron_ingot_from_blasting_raw_iron": {
    "criteria": {
      "has_raw_iron": "2025-04-18 02:14:48 +0000"
    },
    "done": true
  },
  "minecraft:recipes/building_blocks/acacia_wood": {
    "criteria": {
      "has_log": "2025-04-18 01:49:52 +0000"
    },
    "done": true
  },
  "minecraft:recipes/combat/wooden_sword": {
    "criteria": {
      "has_stick": "2025-04-18 01:50:47 +0000"
    },
    "done": true
  },
  "minecraft:recipes/building_blocks/gray_concrete_powder": {
    "criteria": {
      "has_gravel": "2025-04-18 02:58:06 +0000"
    },
    "done": true
  },
  "minecraft:recipes/tools/iron_axe": {
    "criteria": {
      "has_iron_ingot": "2025-04-18 02:23:51 +0000"
    },
    "done": true
  },
  "blazeandcave:biomes/wet_feet": {
    "criteria": {
      "lukewarm_ocean": "2025-04-18 01:55:04 +0000",
      "beach": "2025-04-18 01:54:28 +0000"
    },
    "done": false
  },
  "minecraft:recipes/building_blocks/black_concrete_powder": {
    "criteria": {
      "has_gravel": "2025-04-18 02:58:06 +0000"
    },
    "done": true
  },
  "minecraft:recipes/combat/crossbow": {
    "criteria": {
      "has_string": "2025-04-18 01:53:56 +0000"
    },
    "done": true
  },
  "minecraft:recipes/building_blocks/polished_diorite_from_diorite_stonecutting": {
    "criteria": {
      "has_diorite": "2025-04-18 02:05:19 +0000"
    },
    "done": true
  },
  "minecraft:recipes/misc/iron_nugget_from_blasting": {
    "criteria": {
      "has_iron_pickaxe": "2025-04-18 02:38:11 +0000"
    },
    "done": true
  },
  "minecraft:recipes/transportation/pale_oak_boat": {
    "criteria": {
      "in_water": "2025-04-18 01:52:25 +0000"
    },
    "done": true
  },
  "minecraft:recipes/building_blocks/deepslate_bricks_from_cobbled_deepslate_stonecutting": {
    "criteria": {
      "has_cobbled_deepslate": "2025-04-18 02:31:54 +0000"
    },
    "done": true
  },
  "minecraft:recipes/decorations/barrel": {
    "criteria": {
      "has_planks": "2025-04-18 01:50:39 +0000"
    },
    "done": true
  },
  "minecraft:recipes/decorations/cobblestone_wall_from_cobblestone_stonecutting": {
    "criteria": {
      "has_cobblestone": "2025-04-18 01:51:00 +0000"
    },
    "done": true
  },
  "minecraft:recipes/building_blocks/diamond_block": {
    "criteria": {
      "has_diamond": "2025-04-18 03:19:42 +0000"
    },
    "done": true
  },
  "blazeandcave:farming/meat_lovers": {
    "criteria": {
      "cooked_cod": "2025-04-18 03:32:35 +0000",
      "cooked_beef": "2025-04-18 01:55:35 +0000",
      "cooked_salmon": "2025-04-18 03:34:41 +0000"
    },
    "done": false
  },
  "minecraft:recipes/decorations/andesite_wall": {
    "criteria": {
      "has_andesite": "2025-04-18 02:07:50 +0000"
    },
    "done": true
  },
  "minecraft:recipes/building_blocks/andesite_slab": {
    "criteria": {
      "has_andesite": "2025-04-18 02:07:50 +0000"
    },
    "done": true
  },
  "minecraft:recipes/building_blocks/cobblestone_stairs_from_cobblestone_stonecutting": {
    "criteria": {
      "has_cobblestone": "2025-04-18 01:51:00 +0000"
    },
    "done": true
  },
  "minecraft:recipes/building_blocks/polished_andesite_stairs_from_andesite_stonecutting": {
    "criteria": {
      "has_andesite": "2025-04-18 02:07:50 +0000"
    },
    "done": true
  },
  "minecraft:recipes/redstone/birch_pressure_plate": {
    "criteria": {
      "has_planks": "2025-04-18 01:51:59 +0000"
    },
    "done": true
  },
  "minecraft:recipes/building_blocks/diorite_slab_from_diorite_stonecutting": {
    "criteria": {
      "has_diorite": "2025-04-18 02:05:19 +0000"
    },
    "done": true
  },
  "minecraft:husbandry/balanced_diet": {
    "criteria": {
      "cooked_cod": "2025-04-18 03:32:35 +0000",
      "cooked_beef": "2025-04-18 01:55:35 +0000",
      "cooked_salmon": "2025-04-18 03:34:41 +0000"
    },
    "done": false
  },
  "minecraft:recipes/building_blocks/cobblestone_stairs": {
    "criteria": {
      "has_cobblestone": "2025-04-18 01:51:00 +0000"
    },
    "done": true
  },
  "blazeandcave:potion/a_much_more_doable_challenge": {
    "criteria": {
      "poison": "2025-04-18 03:34:10 +0000"
    },
    "done": false
  },
  "minecraft:recipes/building_blocks/deepslate_tiles_from_cobbled_deepslate_stonecutting": {
    "criteria": {
      "has_cobbled_deepslate": "2025-04-18 02:31:54 +0000"
    },
    "done": true
  },
  "minecraft:recipes/building_blocks/polished_diorite_slab_from_diorite_stonecutting": {
    "criteria": {
      "has_diorite": "2025-04-18 02:05:19 +0000"
    },
    "done": true
  },
  "minecraft:recipes/building_blocks/purple_concrete_powder": {
    "criteria": {
      "has_gravel": "2025-04-18 02:58:06 +0000"
    },
    "done": true
  },
  "minecraft:recipes/tools/stone_hoe": {
    "criteria": {
      "has_cobblestone": "2025-04-18 01:51:00 +0000"
    },
    "done": true
  },
  "minecraft:recipes/food/dried_kelp": {
    "criteria": {
      "has_dried_kelp_block": "2025-04-18 03:35:57 +0000"
    },
    "done": true
  },
  "minecraft:recipes/building_blocks/polished_granite_stairs_from_granite_stonecutting": {
    "criteria": {
      "has_granite": "2025-04-18 02:25:44 +0000"
    },
    "done": true
  },
  "minecraft:recipes/building_blocks/cyan_concrete_powder": {
    "criteria": {
      "has_gravel": "2025-04-18 02:58:06 +0000"
    },
    "done": true
  },
  "minecraft:recipes/decorations/loom": {
    "criteria": {
      "has_string": "2025-04-18 01:53:56 +0000"
    },
    "done": true
  },
  "minecraft:recipes/tools/diamond_axe": {
    "criteria": {
      "has_diamond": "2025-04-18 03:19:42 +0000"
    },
    "done": true
  },
  "minecraft:recipes/tools/bundle": {
    "criteria": {
      "has_string": "2025-04-18 01:53:56 +0000"
    },
    "done": true
  },
  "minecraft:recipes/tools/stone_shovel": {
    "criteria": {
      "has_cobblestone": "2025-04-18 01:51:00 +0000"
    },
    "done": true
  },
  "minecraft:recipes/building_blocks/diorite_stairs": {
    "criteria": {
      "has_diorite": "2025-04-18 02:05:19 +0000"
    },
    "done": true
  },
  "blazeandcave:mining/moar_tools": {
    "criteria": {
      "stone_shovel": "2025-04-18 01:57:07 +0000",
      "stone_pickaxe": "2025-04-18 01:51:10 +0000",
      "stone_axe": "2025-04-18 01:51:21 +0000"
    },
    "done": false
  },
  "minecraft:recipes/building_blocks/acacia_planks": {
    "criteria": {
      "has_log": "2025-04-18 01:49:52 +0000"
    },
    "done": true
  },
  "minecraft:recipes/redstone/iron_door": {
    "criteria": {
      "has_iron_ingot": "2025-04-18 02:23:51 +0000"
    },
    "done": true
  },
  "blazeandcave:building/ah_my_old_enemy": {
    "criteria": {
      "stone_stairs": "2025-04-18 03:28:42 +0000"
    },
    "done": false
  },
  "blazeandcave:challenges/stack_all_the_blocks": {
    "criteria": {
      "cobblestone": "2025-04-18 02:08:41 +0000",
      "granite": "2025-04-18 02:28:31 +0000",
      "dirt": "2025-04-18 01:58:32 +0000",
      "cobbled_deepslate": "2025-04-18 02:39:22 +0000",
      "diorite": "2025-04-18 02:07:50 +0000"
    },
    "done": false
  },
  "minecraft:recipes/transportation/jungle_boat": {
    "criteria": {
      "in_water": "2025-04-18 01:52:25 +0000"
    },
    "done": true
  },
  "minecraft:recipes/redstone/heavy_weighted_pressure_plate": {
    "criteria": {
      "has_iron_ingot": "2025-04-18 02:23:51 +0000"
    },
    "done": true
  },
  "minecraft:recipes/transportation/dark_oak_boat": {
    "criteria": {
      "in_water": "2025-04-18 01:52:25 +0000"
    },
    "done": true
  },
  "minecraft:recipes/redstone/piston": {
    "criteria": {
      "has_redstone": "2025-04-18 02:38:15 +0000"
    },
    "done": true
  },
  "minecraft:recipes/building_blocks/stone_stairs": {
    "criteria": {
      "has_stone": "2025-04-18 02:10:23 +0000"
    },
    "done": true
  },
  "DataVersion": 4325
}